"碗_SITE_NAME","SITE_ID","Average_of_LATITUD","Average_of_LONGITUD","Nodo_HFC"
"12 de Diciembre","12D",-17.82139,-63.13016,"SCZ191"
"16 De Febrero","16F",-16.50298,-68.22337,"EAL172"
"16 De Julio","JUL",-16.48732,-68.19319,"EAL028"
"1ero de Mayo Chapare","1MC",-16.64811,-65.43124,""
"1ro Mayo","MYO",-17.95884,-67.09594,"ORU350"
"2 de Agosto","AGO",-17.73358,-63.14229,"SCZ107"
"23 de Diciembre","D23",-17.77524,-63.11642,"SCZ314"
"23 de Noviembre","NOV",-17.72817,-63.15605,"SCZ166"
"25 de Diciembre","DIC",-17.81544,-63.13856,"SCZ187"
"25 de Julio","25J",-16.50622,-68.21484,"EAL119"
"25 de Mayo","POT2",-19.58964,-65.75132,""
"26 de Enero","ENE",-17.82078,-63.21441,"SCZ140"
"26 de Mayo","26M",-17.87669,-63.16172,"SCZ947"
"3 cruces","CRU",-17.61873,-62.22605,""
"3er anillo Mutualista","3ANI",-17.76361,-63.16292,"SCZ060"
"4 Canada","CAN",-17.25915,-62.55608,""
"4 Ca침adas 2","CAN2",-17.2763,-62.5592,""
"5ta Region Militar","5RM",-11.01745,-68.78413,""
"6 de marzo","MAR",-16.51153,-68.16506,"LPZ066"
"6 de Octubre","6OC",-17.96089,-67.11009,"ORU102"
"8Va Div De Ejercito","8VA",-17.77447,-63.16902,"SCZ076"
"9 Abril","ABR",-16.51458,-68.1525,"LPZ058"
"AASANA CBBA","ASN",-17.41345,-66.1772,""
"AASANA Potosi","AAP",-19.54634,-65.72549,""
"Abapo","ABP",-18.90255,-63.4012,""
"Abasto","ABA",-17.79461,-63.20752,"SCZ038"
"Abel Iturralde","AIT",-17.9404,-67.115,"ORU073"
"Acasio","ACSI",-18.02406,-66.05741,""
"Achacachi","ACI",-16.04175,-68.68331,""
"Achachicala","ALL",-16.44832,-68.14526,"LPZ229"
"Achiquiri","ACQ",-15.20009,-68.22999,""
"Achiras","ACHR",-18.15489,-63.82584,""
"Achocalla","ACL",-16.58358,-68.16461,""
"Achumani","ACH",-16.53031,-68.07664,"LPZ006"
"Acosta","ACO",-16.50507,-68.13703,"LPZ550"
"Aeropuerto","AERO",-17.40192,-66.17786,"CBB609"
"Aeropuerto","SCR4",-19.0157,-65.28664,""
"Aeropuerto Cobija","AEC",-11.03467,-68.77089,""
"Aeropuerto II","AEP2",-19.15699,-65.18303,""
"Aeropuerto Oruro","AEO",-17.9675,-67.08183,""
"Aguahi","AGH",-16.8963,-63.3115,""
"Aguas Calientes","AGC",-18.45038,-59.50443,""
"Aiquile","AIQ",-18.207,-65.1805,""
"Aiquile 2","AQ2",-18.19164,-65.17811,""
"Alalay","ALY",-17.70974,-65.69178,""
"Alalay Norte","ALN",-17.42206,-66.14914,""
"Alalay Sud","ASD",-17.43669,-66.12258,"CBB166"
"Albo","ALB",-17.77587,-63.13505,"SCZ110"
"Alcoreza","ALC",-16.50588,-68.14794,"LPZ554"
"Aldea SOS","ALS",-17.35496,-66.19851,"CBB518"
"Alemana","ALE",-17.76877,-63.17104,"SCZ001"
"Alto Achumani","AAC",-16.51531,-68.06253,"LPZ002"
"Alto Beni","ALTB",-15.54653,-67.45124,""
"ALTO CALACOTO","ATO",-16.54687,-68.05157,"LPZ451"
"Alto Delicias","ADL",-19.02403,-65.25934,"SRE037"
"Alto Inicua","ALI",-15.52203,-67.22002,""
"Alto Irpavi","AIRP_",-16.52457,-68.0774,"LPZ048"
"Alto La Merced","AMD",-16.46695,-68.11998,"LPZ342"
"Alto Lima","ALT",-16.48268,-68.17865,"EAL13"
"Alto Mariscal Santa Cruz","MSC_",-16.49323,-68.16302,"LPA519"
"Alto Mirador","AMR",-17.36324,-66.13743,""
"Alto Miraflores","AMI",-16.48135,-68.12718,"LPZ356"
"Alto Obrajes","AOB",-16.51897,-68.10247,""
"Alto Pacasa","ALTP",-16.48623,-68.11333,"LPZ352"
"Alto Pampahasi","APA",-16.48996,-68.10652,"LPZ371"
"Alto Potosi","ALPO",-19.58209,-65.73517,""
"Alto Pura Pura","APP",-16.45874,-68.16029,""
"Alto San Pedro","ASP",-17.80921,-63.18928,"SCZ149"
"Alto Seguencoma","ASE",-16.5396,-68.09846,"LPZ042"
"Alto Villa Victoria","AVV",-16.47773,-68.16839,"EAL23"
"Ambrosio Villarroel","AMV",-17.78887,-63.22549,""
"Ancoraimes","ANC",-15.89936,-68.90628,""
"Andamarca","ADM",-18.77879,-67.50833,""
"Anexo Mercurio","AMC",-16.46434,-68.18362,"EAL046"
"Angostura","ANG",-17.52994,-66.08011,""
"Angostura SCZ","LAN",-18.15621,-63.49789,""
"Angostura TX","AGT",-18.12449,-63.4711,""
"Anillo","ANI",-17.73997,-63.17085,"SCZ051"
"Antequera","ATQ",-18.47112,-66.82584,""
"Antigua Tranca","ANT",-17.40509,-66.01179,""
"Antofagasta","AFG",-17.82561,-63.20983,"SCZ800"
"Antofagasta Quillacollo","AQU",-17.37222,-66.27664,""
"Antofagasta Rural","AFGR",-17.14563,-63.77176,""
"Antonio Vaca Diez","AVD",-14.83368,-64.90763,""
"Anzaldo","ANZ",-17.7786,-65.9357,""
"Apolo","APO",-14.72128,-68.42191,""
"Apote","APT",-17.3333,-66.23581,""
"ARAMPAMPA","ARP",-17.87885,-66.08097,""
"Arani","ARN",-17.56983,-65.77233,""
"Aranjuez","ARA",-16.55937,-68.08499,""
"Arbieto","ARB",-17.5801,-66.0141,""
"Arenal","ARE",-17.77817,-63.18421,"SCZ1019"
"Aroma","ARM",-17.39914,-66.1555,""
"Arque","ARQ",-17.81202,-66.38748,""
"Arroyito 2","AR2",-17.827,-63.08576,"SCZ256"
"Arumpaya","ARU",-16.49794,-68.14253,"LPZ524"
"Ascension de Guarayos","AGU",-15.8983,-63.1864,""
"Atocha","ATC",-20.94601,-66.22128,""
"Aucapata","AUC",-15.47942,-68.71892,""
"Australia","ATR",-12.79144,-66.51394,""
"Automovil Club","ACB",-17.39286,-66.17456,"CBB299"
"Autopista","AUT",-16.48405,-68.15817,"LPZ200"
"Av Aerea","AVA",-17.41163,-66.16413,"CBB031"
"Av America","AME",-17.37217,-66.16642,"CBB311"
"Av America La Paz","AAL",-16.52061,-68.18093,"EAL200"
"Av Bolivia","ABO",-17.84513,-63.17046,"SCZ911"
"Av Buenos Aires","BAI",-16.51608,-68.14291,"LPZ096"
"Av Cesar Cronembold","ACC",-17.76341,-63.18416,"SCZ010"
"Av Circunvalacion","CVL",-17.33782,-63.25215,"MON009"
"Av Copacabana","AVC",-17.4262,-66.16284,"CBB039"
"Av Defensores","ADF",-16.53784,-68.04916,"LPZ123"
"Av Eleodoro Villazon","AEV",-17.38931,-66.07011,"CBB256"
"Av General Campero","CPR",-17.79429,-63.13922,"SCZ119"
"Av Hernando Siles","AHS",-19.04366,-65.26015,"SRE140"
"Av Jose Natusch","AJN",-14.82835,-64.89784,""
"Av Juan Pablo II","AJ2",-16.50101,-68.1714,"LPZ053"
"Av Libertador","LIB",-17.79615,-63.11628,"SCZ307"
"Av Los Pinos","ALP",-19.55886,-65.76545,"PTS018"
"Av Oscar Paz","AOP",-14.84653,-64.90244,""
"Av Quintanilla Suazo","QSZ",-16.48689,-68.16117,"LPZ506"
"Av Suecia","ASC",-17.4199,-66.14114,""
"Av Velasco Galvarro","AVG",-17.98878,-67.11103,"ORU121"
"Av. 6 de Agosto","A6A",-17.97832,-67.11162,"ORU195"
"Av. Arroyito","ARY",-17.82374,-63.09779,"SCZ220"
"Av. Beiging","ABG",-17.35637,-66.1769,"CBB405"
"Av. Brasil","BRS",-17.78594,-63.16903,"SCZ079"
"Av. Castillo","ACT",-16.4657,-68.11134,"LPZ343"
"Av. Chacaltaya","CHY",-16.4959,-68.174,"LPZ056"
"Av. Civica","ACV",-16.52031,-68.15558,"LPZ059"
"Av. Cornelio Saavedra","ACS",-16.47903,-68.19356,"EAL032"
"Av. Cosmos 79","C79",-16.53132,-68.21973,""
"Av. David Shriqui","ADS",-14.81056,-64.8815,""
"Av. Del Ej칠rcito","AEJ",-19.06105,-65.24554,"SRE165"
"Av. del Poeta Saavedra","ADPS",-16.50982,-68.11987,""
"Av. Forestal","AFR",-17.3899,-66.09078,"CBB236"
"Av. Francisco Anaya","AFA",-17.39275,-66.2937,"QLL024"
"Av. G77","G77",-17.70103,-63.13062,""
"Av. Gamarra","GMR",-16.52041,-68.10829,"LPZ029"
"Av. Las Ameritas","ALA",-16.476,-68.11867,"LPZ331"
"Av. Las Cachuelas","LCC",-17.79146,-63.13386,"SCZ114"
"Av. Litoral","ALR",-16.5423,-68.19921,"EAL234"
"Av. Los Molles","AML",-21.53302,-64.76541,"TRJ109"
"Av. Moscu","AMU",-17.81931,-63.19943,"SCZ171"
"Av. Naciones Unidas","ANU",-16.48481,-68.16773,"LPZ509"
"Av. Nelida Guerra","NGR",-17.39358,-66.28612,"QLL022"
"Av. Pedro Toledo","PTL",-17.44306,-66.1268,"CBB148"
"Av. Pocoata","PCT",-16.47314,-68.19569,"EAL036"
"Av. Primera","APE",-17.37792,-66.07275,"CBB258"
"Av. Ramos Gavilan","RGV",-16.4685,-68.14973,"LPZ217"
"Av. Uruguay","AVU",-17.77691,-63.17377,"SCZ1017"
"Av. Victor Agustin Ugarte","VAU",-16.52587,-68.22993,"EAL255"
"Avenida Barrientos","BTO",-17.3387,-63.24607,"MON150"
"Avenida Dorbigny","DBG",-17.38735,-66.1732,"CBB301"
"Avenida Espana","AES",-17.9776,-67.13594,"ORU137"
"Avenida Pedro Marban","APM",-14.83889,-64.90861,""
"Avenida Peru","APR",-17.39349,-66.17001,"CBB298"
"Avenida Romero","AVR",-21.54318,-64.71279,"TRJ205"
"Avenida Tiahuanacu","ATH",-16.53071,-68.18874,"LPZ090"
"Avenida Yunguyo","AYY",-16.49764,-68.22659,"EAL129"
"AvEsteban_arce","AEA",-16.49365,-68.11426,"LPZ319"
"Ayacucho","AYA",-17.7843,-63.1848,"SCZ1014"
"Ayo Ayo","AYO",-17.0955,-68.0041,""
"Ayopaya","APY",-16.90159,-64.98512,""
"B. Caminero","BCN",-17.84899,-63.1999,"SCZ816"
"B. Carlos Wagner","BCW",-21.51186,-64.74955,"TRJ40"
"B. Coca Cola","BCC",-17.74814,-63.1197,"SCZ407"
"B. Maquina Vieja","VJA",-17.77347,-63.17689,"SCZ022"
"B. Municipal Montero","BMM",-17.32856,-63.2307,""
"B. Oriental","BOR",-17.74936,-63.18801,"SCZ098"
"B. Percy Fernandez","BPF",-17.84336,-63.15316,"SCZ915"
"B. Periodista","BPT",-17.81722,-63.22462,"SCZ136"
"B. San Blas","BSB",-21.55884,-64.73262,""
"B. Suarez","BSZ",-17.84783,-63.11753,"SCZ248"
"B. Venezuela","BVZ",-17.77733,-63.12699,"SCZ301"
"Bagual","BAG",-21.81428,-63.44691,""
"Bajio","BAJ",-17.84251,-63.24211,""
"Bajo Aranjuez","BAZ",-17.3759,-66.1478,"CBB030"
"Bajo Llojeta","BLL",-16.5334,-68.1319,"LPZ590"
"Ballivian","BVN",-16.48895,-68.18224,"EAL009"
"Bancario","BAN",-19.03734,-65.24864,""
"Banco Union","BCO",-14.81831,-64.88113,""
"Barranca","BAR",-17.79844,-63.17469,"SCZ093"
"Barrio 13 de Julio","B13",-17.8358,-63.11541,"SCZ223"
"Barrio 15 de Mayo","B15",-17.75515,-63.11945,"SCZ408"
"Barrio 24 de Junio","B24",-17.85634,-63.16353,"SCZ933"
"Barrio 26 de Septiembre","B26",-17.72675,-63.10561,"SCZ442"
"Barrio 3 de Marzo","BMZ",-17.80994,-63.14396,"SCZ179"
"Barrio 30 de Agosto","B30",-17.72592,-63.13765,"SCZ511"
"Barrio Aerosur","BAE",-17.72905,-63.14811,"SCZ107"
"Barrio Arturo Molina","BMO",-17.84073,-63.16173,"SCZ912"
"Barrio Avaroa","BAV",-21.52076,-64.73287,"TRJ020"
"Barrio Bethesda","BTH",-17.82895,-63.22161,"SCZ808"
"Barrio Bolivar","BBO",-21.25784,-63.48334,""
"Barrio Braniff","BRN",-17.80903,-63.18425,"SCZ150"
"Barrio Catedral","BCA",-21.54562,-64.76245,"TRJ115"
"Barrio Cenetrop","BCT",-17.86284,-63.17468,"SCZ930"
"Barrio Chino","BNC",-16.50847,-68.15996,"LPZ065"
"Barrio Comarapa","BCM",-17.85524,-63.20677,"SCZ832"
"Barrio Convifrag","BCV",-17.79851,-63.15237,"SCZ087"
"Barrio Cordillera","BCD",-17.83219,-63.13123,"SCZ206"
"Barrio Costanera","CTN",-17.77599,-63.20942,"SCZ030"
"Barrio CRE Norte","BCRE",-17.74188,-63.14715,"SCZ104"
"Barrio Cruz del Sur","BCS",-17.83242,-63.2045,"SCZ801"
"Barrio El Fuerte","BFU",-17.84966,-63.14379,"SCZ926"
"Barrio El Palmar","BEP",-17.85962,-63.1446,"SCZ937"
"Barrio Ende","BED",-17.78229,-63.15014,"SCZ302"
"Barrio Espana","BES",-17.84269,-63.19345,"SCZ812"
"Barrio Fabril","BFR",-21.54052,-64.70604,"TRJ208"
"Barrio Fervo","FRV",-17.73282,-63.1758,"SCZ050"
"Barrio Gr치fico","BGF",-16.4792,-68.11839,"LPZ112"
"Barrio Guadalupe","BGD",-17.72949,-63.12547,"SCZ513"
"Barrio Heroes del Chaco","BHC",-17.80204,-63.14262,"SCZ128"
"Barrio Japon","BJP",-19.05247,-65.23525,"SRE149"
"Barrio Kami","BAK",-17.36446,-66.24666,""
"Barrio La Morita","BLM",-17.82093,-63.17714,"SCZ168"
"Barrio Las Americas","BAM",-17.8644,-63.2023,"SCZ831"
"Barrio Las Barrancas","BBC",-21.5141,-64.73769,"TRJ24"
"Barrio Las Gramas","GRA",-17.7408,-63.09964,"SCZ422"
"Barrio Lindo","BLN",-17.79043,-63.15014,"SCZ085"
"Barrio Lindo SCZ","BL2",-17.79189,-63.15388,"SCZ085"
"Barrio Litoral","BLT",-17.95356,-67.10243,"ORU347"
"Barrio Los Ambaibos","BAB",-17.76425,-63.11622,"SCZ409"
"Barrio Los Angeles","LAL",-17.76895,-63.16129,"SCZ065"
"Barrio Los Choferes","BCH",-17.79301,-63.16911,"SCZ080"
"Barrio Luis Espinal","BLE",-21.52606,-64.7104,"TRJ032"
"Barrio Morcocal","BMC",-17.3843,-66.2191,"CBB563"
"Barrio Nueva Primavera","BNP",-17.74819,-63.10858,"SCZ416"
"Barrio Nuevo Oriente","BNO",-17.86146,-63.19266,"SCZ828"
"Barrio Obrero","BOBR",-19.03544,-65.25456,""
"Barrio Olender","OLD",-17.81037,-63.14993,"SCZ176"
"Barrio Pedro Diez","BPD",-17.85715,-63.18353,"SCZ908"
"Barrio Pedro Flores","PFL",-21.55753,-64.68186,"TRJ216"
"Barrio Perla del Acre","BPA",-11.04713,-68.79222,""
"Barrio Petrol Caja","BPC",-17.81506,-63.18958,"SCZ151"
"Barrio Petrolero","PET",-19.04414,-65.24402,"SRE002"
"Barrio Profesional","BPR",-17.36922,-66.19156,"CBB515"
"Barrio Progreso","BPG",-17.73178,-63.13591,"SCZ502"
"Barrio San Francisco","BSF",-17.85608,-63.154,"SCZ928"
"Barrio San Gabriel","BSG",-17.37858,-66.20253,""
"Barrio San Jorge","BSJ",-21.55198,-64.69323,"TRJ212"
"Barrio San Luis","BSL",-21.55552,-64.7118,"TRJ151"
"Barrio Santa Cruz 2","B2K",-17.83838,-63.21709,"SCZ818"
"Barrio Sirari","BSR",-17.76722,-63.20521,"SCZ021"
"Barrio Sprienfiel","BSP",-17.8487,-63.18316,"SCZ813"
"Barrio Telchi","BTC",-17.833,-63.2338,"SCZ714"
"Barrio Totai","BTI",-17.73796,-63.15259,"SCZ105"
"Barrio Tropical","BTR",-17.7442,-63.18846,"SCZ098"
"Barrio Universitario","BUN",-17.44081,-66.14194,"CBB145"
"Barrio Universitario 2","BU2",-17.44972,-66.15094,"CBB052"
"Barrio Vallegrande","BVG",-17.81383,-63.22996,"SCZ706"
"Basilio","BAS",-18.12745,-63.19335,""
"Batallas","BAT",-16.30245,-68.52708,""
"Baures","BAU",-13.65358,-63.69201,""
"Bautista Saavedra","BSA",-16.48119,-68.25064,"EAL180"
"Bautista Saavedra 2","BS2",-16.48416,-68.28691,""
"Belen","BEN",-19.85483,-65.58598,""
"Belen de Urmiri","BDU",-19.38371,-66.06183,""
"Bella Vista","BEV",-16.52776,-68.09518,"LPZ033"
"Bella Vista Rural","BVR",-21.9234,-63.651,""
"Berea","BER",-17.84167,-63.22786,"SCZ821"
"Bermejo","BJO",-22.73377,-64.33798,""
"Bermejo 2","BER2",-22.72525,-64.34711,""
"Bermejo 4","BER4",-22.72713,-64.3318,""
"Betanzos","BET",-19.5497,-65.44924,""
"Bibosi","BIB",-17.91655,-63.25059,""
"Bimodal","BIM",-17.78802,-63.1572,""
"Blacutt","BLA",-17.79468,-63.18135,"SCZ084"
"Blanca Flor (San Lorenzo)","BFL",-11.7148,-66.93538,""
"Bolivar","BOL",-17.78378,-63.17731,"SCZ1010"
"Bolivar","SCR1",-19.04456,-65.25373,"SRE145"
"Bolivar Rural","BOLR",-17.97459,-66.54622,""
"Bolivision","BLV",-17.79471,-63.16419,"SCZ074"
"Bolonia","BLG",-16.52113,-68.09137,""
"Bosque","BOSQ",-17.32828,-66.19407,"CBB419"
"Boyuibe","BOY",-20.4347,-63.2834,""
"Brigida","BRI",-17.75475,-63.19414,"SCZ016"
"Buen Retiro","BRE",-17.28737,-63.71512,""
"Buena Fe","BFE",-17.61602,-63.14576,""
"Buena Vista","BVT",-17.46347,-63.6675,""
"Buena Vista CBBA","BTA",-17.46519,-66.15152,""
"Bueno","BUE",-16.49447,-68.13286,""
"Bulo Bulo","BUL",-17.24992,-64.3669,""
"Bustillos","BST",-19.05223,-65.264,"SRE153"
"Cabezas","CAB",-18.78914,-63.31344,""
"Caigua","CAIG",-21.16427,-63.42056,""
"Cainco","CAI",-17.78849,-63.17874,"SCZ1007"
"Cainco SCR","CSC",-19.04704,-65.25878,""
"Cairoma","CAIR",-16.90864,-67.55793,""
"Caiza D","CZD",-20.0087,-65.65908,""
"Caiza Estaci칩n","CZE",-21.79866,-63.56123,""
"Cajuata","CJT",-16.6642,-67.19784,""
"Cala Cala","CLC",-17.36667,-66.16417,"CBB322"
"Calacoto","CLT",-16.54607,-68.0769,"LPZ012"
"Calacoto Rural","CLTR",-17.28319,-68.63637,""
"Calama","CLA",-17.83341,-63.22703,"SCZ819"
"Calamarca","CAL",-16.90242,-68.12631,""
"Calizaya","CLZ",-16.19261,-67.18162,""
"Calle 27 de Abril","C27",-16.48117,-68.11515,"LPZ381"
"Calle Arica","CAC",-17.97831,-67.10452,"ORU189"
"Calle Bustamante","CBT",-16.50268,-68.14742,"LPZ540"
"Calle Camacho","CCM",-17.96614,-67.11586,"ORU093"
"Calle Colon 2","COL2",-19.04946,-65.26275,""
"Calle Comercio","CIO",-22.01901,-63.67872,"YCB005"
"Calle Cumana","CCU",-16.50808,-68.14508,"LPZ558"
"Calle General Lanza","CGL",-16.51195,-68.13397,"LPZ116"
"Calle Honduras","CHD",-17.40157,-66.15165,""
"Calle Iquique","CIQ",-17.96944,-67.10053,"ORU182"
"Calle Km 17","K17",-16.50784,-68.1397,"LPZ541"
"Calle La Madrid","LMD",-21.5355,-64.7298,"TRJ060"
"Calle Las Violetas","VIO",-17.36359,-66.15312,"CBB315"
"Calle Loa","CLL",-19.04636,-65.26203,""
"Calle Manrique Oeste","MOE",-19.57272,-65.77352,"PTS058"
"Calle Moldes","MLD",-17.78857,-63.17447,"SCZ1008"
"Calle Murguia","CMU",-17.9726,-67.11227,""
"Calle Potos칤","CPO",-17.35152,-63.25502,"MON005"
"Calle Romulo Mendoza","CRM",-14.83545,-64.89664,""
"Calle Seoane","CSE",-17.77991,-63.18245,"SCZ1019"
"Calle Soria Galvarro","GVR",-17.96652,-67.11201,""
"Calle Suipacha","CSU",-21.52098,-64.72632,"TRJ016"
"Calvario","CLV",-17.41137,-66.28228,"QLL070"
"Calvario La Paz","CPZ",-16.48722,-68.13531,"LPZ250"
"Camacho","CAM",-16.4991,-68.13466,""
"Camargo","CGO",-20.64736,-65.21464,""
"Camino a Viacha","CVH",-16.61796,-68.26414,""
"Camino Caranda","CCR",-17.44666,-63.52586,""
"Camino Laja 2","CLJ2",-16.51241,-68.28037,""
"Camino Liriuni","CALI",-17.31988,-66.28256,""
"Camino San Andres","CSA",-21.56254,-64.80077,""
"Camiri","CMR",-20.03833,-63.52553,""
"Camiri Sur","CAS",-20.04397,-63.51908,""
"Campamento Paraiviri","CPV",-19.60188,-65.74206,""
"Campana","CAA",-17.8262,-63.12228,"SCZ202"
"Campo Ferial","CFE",-17.4285,-66.12349,"CBB153"
"Campos del Este","CDES",-17.80298,-63.06963,""
"Campus Universitario","UNV",-17.773,-63.195,"SCZ018"
"Canada El Carmen","CDC",-17.81625,-63.15007,"SCZ177"
"Canada Larga","CLG",-17.64178,-62.48753,""
"Canada Pailita","CPA",-17.82002,-63.14355,"SCZ180"
"Canal Cotoca","CCO",-17.77683,-63.15958,"SCZ069"
"Canal Isuto","CIS",-17.76807,-63.1902,"SCZ009"
"Canal Universitario","CUN",-17.77776,-63.1961,""
"Canandoa","CND",-16.40408,-63.86328,""
"Canasmoro","CMO",-21.35223,-64.7561,""
"Ca침averales","CAV",-17.85945,-63.1123,""
"Cancha Forno","CFR",-16.49699,-68.10755,"LPZ311"
"Candelaria","CAD",-18.62863,-58.96074,""
"Candua","CDU",-19.81857,-63.98552,""
"Canon Oculto","CAO",-21.97256,-63.6274,""
"Cap Victor Ustariz","UST",-17.39612,-66.18235,"CBB613"
"Capaja","CAP",-17.40144,-67.77872,""
"Capinota","CPN",-17.71606,-66.26381,""
"Capitan Plaza","CPL",-21.54226,-64.74162,"TRJ101"
"Caquiaviri","CAQ",-17.02327,-68.607,""
"Caracollo","CAR",-17.64091,-67.22354,""
"Caranavi","CRV",-15.83589,-67.5651,""
"Caranavi Carretero 2","CC2",-15.84734,-67.55169,""
"Caranavi Centro","CVC",-15.83281,-67.56638,""
"Caranda","CRD",-17.52133,-63.53618,""
"Carangas","CRGS",-18.93921,-68.6243,""
"Carapari","CRI",-21.83368,-63.73659,""
"Carcaje","CCJ",-17.54128,-66.03072,""
"Carcel El Abra","CEAB",-17.40458,-66.10811,""
"Carcel San Pedro","CPD",-16.50301,-68.1355,"LPZ548"
"CARIPUYO","CRPY",-18.23242,-66.47171,""
"Carmen de Ruiz","CDR",-16.051,-61.097,""
"Carmen Rivero Torres","CRT",-18.82148,-58.62387,""
"Carretera a Laja","CLJ",-16.52871,-68.3337,""
"Carretera a Palca","CTP",-16.54853,-68.01346,""
"Carretera a Vinto","CVI",-17.40194,-66.32959,""
"Cartonbol","CTB",-17.9736,-67.06936,""
"Casa de la Moneda","CDM",-19.58864,-65.75381,""
"Casco Minero","CMI",-17.92932,-67.11862,""
"Catachilla","CTC",-17.41059,-65.98579,""
"Catacora","CTCR",-17.16327,-69.48746,""
"Cataluna","CAT",-17.71778,-63.16027,"SCZ507"
"Catolica","CTL",-17.68999,-63.15517,""
"Caza y Pesca","CYP",-19.07872,-65.2577,""
"CBN","CBN",-17.88522,-63.28664,"GRD092"
"CBN 2","CBN2",-17.8764,-63.27064,"GRD090"
"Ceja","CEJ",-16.50584,-68.16169,""
"Ceja Hotel","CJH",-16.50784,-68.16295,""
"Cementerio","CEM",-16.4957,-68.14882,"LPZ513"
"Cementerio General Sucre","CGS",-19.05003,-65.27055,"SRE154"
"Cementerio Mercedario","CMER",-16.53342,-68.25268,""
"CEMENTERIO NORTE","CNR",-17.74857,-63.16336,"SCZ006"
"Cementerio Oruro","MET",-17.98225,-67.10742,"ORU194"
"Cementerio Trinidad","CTR",-14.84388,-64.91126,""
"Cementerio Yacuiba","CYA",-22.01142,-63.67703,"YCB004"
"Centenario","CEN",-17.7785,-63.20586,"SCZ033"
"Central","CPT",-19.5822,-65.75421,"PTS038"
"Centro","ORU1",-17.97028,-67.11525,"ORU093"
"Cerro Abra de la Cruz","ACR",-21.85849,-64.66767,""
"Cerro Lete칤","CLE",-17.86558,-60.84153,""
"Cerro Miri Kiri","CMK",-16.99411,-68.45838,""
"Cerro Pabellon","CPB",-16.13868,-69.04489,""
"Cerro Pucara","PUC",-17.50903,-67.44781,""
"Cerro San Miguel","CMG",-17.40424,-66.14836,""
"Cerro Verde","CVR",-17.41615,-66.14528,""
"Cerro Yacuses","YCS",-19.0084,-58.22327,""
"Cespedes","CES",-17.39228,-66.15928,""
"Chacarilla","CHR",-17.77247,-63.14866,"SCZ068"
"Chaguaya","CGY",-21.86806,-64.7702,""
"Challapata","CHT",-18.89942,-66.77594,""
"Chane","CHN",-16.97652,-63.22435,""
"Chaqui","CHAQ",-19.57243,-65.56227,""
"Charagua","CRH",-19.78175,-63.18353,""
"Charana","CRN",-17.5927,-69.4447,""
"Charazani","CHRZ",-15.15903,-69.00199,""
"Charcas","CHA",-17.77861,-63.16853,"SCZ076"
"Chasquipampa","CSP",-16.53793,-68.04598,"LPZ123"
"Chayanta","CYT",-18.46309,-66.48041,""
"Chernobyl","CNB",-17.40653,-66.295,""
"Chihuahua","CHH",-17.218,-62.15425,""
"Chima","HIM",-15.59044,-68.06207,""
"Chimba","CHB",-17.39746,-66.19071,"CBB615"
"Chimboco","CMB",-17.38935,-66.04215,""
"Chimore","CHM",-16.99227,-65.15135,""
"Chiriguano","CRG",-17.78945,-63.20562,""
"Chiripujio","CPJ",-17.97114,-67.14116,""
"Chochis","CCH",-18.14842,-60.02925,""
"Chocloca","CHCL",-21.75319,-64.73924,""
"ChoqueCota","CHCT",-18.09837,-67.89553,""
"Chore y El Palmar","CPAL",-17.37856,-63.98927,""
"Choro Grande","CGR",-16.27353,-67.69124,""
"CHUA COCANI","CHUC",-16.1906,-68.74448,""
"Chulumani","CHU",-16.40893,-67.52802,""
"Chuma","CMA",-15.48069,-68.89898,""
"Chuquiaguillo","CHG",-16.44009,-68.08003,""
"Chuquini","CHQ",-15.59687,-68.08058,""
"Chusumarca","CHS",-16.50356,-68.24616,"EAL141"
"Chusumarca 2","CHS2",-16.49451,-68.25944,""
"Cine 6 de Agosto","C6A",-16.50981,-68.12403,""
"CINE CENTER","CCT",-17.79821,-63.17906,"SCZ083"
"Cine Center CBB","CCB",-17.38058,-66.14891,"CBB102"
"Circunvalacion","CIR",-17.36807,-66.15124,"CBB329"
"Ciudad Ferroviaria","FERR_",-16.45986,-68.15063,"LPZ222"
"Ciudad Real","CRE",-17.77405,-63.19942,"SCZ028"
"Ciudad Satelite","CST",-16.52672,-68.14588,"LPZ578"
"Ckochas","CKO",-19.62227,-65.2675,""
"Clara Chuchio","CCHU",-17.61649,-63.10684,""
"Clinica Alemana","CLN",-16.5131,-68.12061,""
"Cliza","CLI",-17.584,-65.9322,""
"Cliza II","CL2",-17.59324,-65.93497,""
"Club Caza Y Pesca","CCP",-17.61187,-63.12633,""
"Club de Tenis","TNS",-17.78012,-63.20117,"SCZ032"
"Club Hipico","CHP",-17.81352,-63.19603,"SCZ145"
"Club Libertad","CLB",-17.76393,-63.16844,"SCZ060"
"Cobija","COB",-11.02257,-68.75914,""
"COBIJA CENTRO","CBC",-11.0315,-68.76103,""
"Cobolde","CBD",-19.03933,-65.23928,"SRE001"
"Cocapata","CCPT",-16.78096,-66.66456,""
"Cohoni","COH",-16.7701,-67.8782,""
"Coipasa","COI",-19.27298,-68.27731,""
"Colcapirhua","CLP",-17.39244,-66.22855,"CBB627"
"Colcha","CLCH",-20.73409,-67.65565,""
"Colchani","CLHN",-20.29381,-66.93151,""
"Colegio Aleman","COA",-16.52735,-68.06429,""
"Colegio Andres Bellos","CBE",-14.82428,-64.90283,""
"Colegio Holanda","CHO",-16.49981,-68.15027,"LPZ532"
"Colegio Italo Boliviano","CIB",-17.40101,-66.1711,"CBB605"
"Colegio La Mancha","LMN",-17.84702,-63.08654,"SCZ270"
"Colegio Militar","CGM",-16.531,-68.0867,""
"Colegio Nacional Florida","CNF",-17.79104,-63.17948,"SCZ1007"
"Colegio Puerto del Rosario","CPDR",-16.54461,-68.19128,"LPZ086"
"Colinas del Urubo","CUB",-17.7354,-63.21913,"URU037"
"Colipani","CIP",-16.52163,-68.2235,"EAL224"
"Coliseo Gilberto Parejas","GIL",-17.7902,-63.18281,"SCZ1006"
"Coliseo Jorge Revilla","CJR",-19.03851,-65.25765,"SRE136"
"Coliseo Punata","CPUN",-20.74493,-63.6653,""
"Coliseo Villamontes","VM2",-21.263,-63.47119,""
"COLLANA","CLNA",-16.90363,-68.28414,""
"Colomi","CLM",-17.3468,-65.8402,""
"Colonia Pirai","CPI",-16.52795,-63.71449,""
"Colorada","CLD",-17.83326,-63.17504,"SCZ905"
"Colquechaca","CQCH",-18.69592,-65.99175,""
"COLQUENCHA","CLQ",-16.93175,-68.24806,""
"COLQUIRI","COL",-19.04731,-65.26522,"SRE142"
"Comanche","COM",-16.95676,-68.42765,""
"Comarapa","CMP",-17.91436,-64.526,""
"Comercial El Alto","CEA",-16.50836,-68.164,"LPZ066"
"Comercial Neval","NEV",-17.79,-63.20287,"SCZ037"
"Complejo Ferroviario","CFV",-19.58393,-65.7599,"PTS105"
"Complejo Garcia Agreda","CGA",-21.53646,-64.73409,"TRJ03"
"Complejo Joe Raquet","CRA",-17.37304,-66.12403,"CBB001"
"Complejo Recreacional","CRC",-19.56793,-65.76216,"PTS036"
"Comunidad 26 Agosto","C26",-17.4582,-62.62309,""
"Comunidad Aroma","CARO",-17.20443,-63.12087,""
"Comunidad Chinchaya","CMC",-16.48338,-68.08411,""
"Comunidad Linares","COML",-17.16622,-62.56286,""
"Comunidad Nuevo Horizonte","CNH",-17.34377,-62.80996,""
"Comunidad Pabellon","CMD",-17.51279,-65.85614,""
"Comunidad Sora","CDS",-17.98437,-67.09609,"ORU274"
"Comunidad Tundi","CTD",-17.87642,-63.02038,""
"Comunidad Viana","CMV",-17.87077,-63.0638,""
"Cona Cona","ONA",-17.39133,-66.19286,"CBB554"
"Concepcion","CON",-16.1339,-62.02623,""
"Concepcion 2","CON2",-16.13324,-62.04144,""
"Condebamba","CDB",-17.33979,-66.18074,""
"Condominio Delta","CDE",-17.76005,-63.19667,"SCZ015"
"Condominio El Cristo","CEC",-17.77122,-63.18342,"SCZ023"
"Condominio EOS","EOS",-17.38089,-66.18219,"CBB504"
"Condominio Genesis","CDG",-17.72094,-63.16757,"SCZ056"
"Condominio Mallorca","CML",-17.8099,-63.20085,"SCZ141"
"Condominio Parque Urbano","CPU",-17.79515,-63.17216,"SCZ081"
"Condominio Safra","CSF",-17.76976,-63.16549,"SCZ061"
"Condominio Villa Toscana","CVT",-17.74115,-63.17983,"SCZ047"
"Condominios Norte 2","CN2",-17.69231,-63.16581,"SCZ626"
"Confital","CFT",-17.67787,-66.73262,""
"Convento La Recoleta","CLRT",-19.05759,-65.25383,"SRE163"
"Cooperativa Esmeralda","COE",-17.41427,-66.09335,"CBB229"
"Copacabana","COP",-16.17775,-69.08593,""
"Copy Color","CPY",-17.77373,-63.1839,"SCZ024"
"Cordecruz","CDZ",-17.8394,-63.18871,"SCZ805"
"Coripata","CRP",-16.30652,-67.59717,""
"Coro Coro","COO",-17.18128,-68.44925,""
"Coroico","CORC",-16.19402,-67.7214,""
"CORQUE","CQE",-18.35403,-67.69033,""
"Corte","COR",-17.7751,-63.1807,"SCZ1021"
"Cospail","COS",-17.82451,-63.22889,"SCZ707"
"Cossmil","CSS",-16.50543,-68.11877,"LPZ045"
"Cota Cota","CTA",-16.53986,-68.055,"LPZ121"
"Cota Cota 2","COT2_",-16.54111,-68.06602,"LPZ018"
"Cotagaita","CTG",-20.81293,-65.66091,""
"Cotahuma","CTH",-16.51845,-68.13787,"LPZ134"
"Cotapata Santa Barbara","CSB",-16.28637,-67.83333,""
"Cotoca","COT",-17.75351,-62.98247,""
"Cotoca 2","COC2",-17.74982,-62.99575,"COT001"
"Cotoca 3","COC3",-17.75949,-63.00022,"COT003"
"Country Club CBBA","CCC",-17.40222,-66.12749,""
"Country Club SCZ","CCS",-17.79946,-63.21308,"SCZ043"
"Covico","COV",-16.494,-68.1042,"LPZ108"
"CREDINFORM","CRF",-16.50743,-68.12528,""
"Cristal Mayu","CMY",-16.99942,-65.63725,""
"Cruce Rio Seco","CRS",-16.48908,-68.20948,"EAL050"
"Cruce Teleferico","CRTF",-16.49893,-68.16608,"LPZ054"
"CRUZ DE MACHACAMARCA","CZM",-18.76884,-68.31359,""
"Cruz del Norte","CRDN",-16.47325,-68.27352,""
"CRUZ LOMA","CLO",-16.19603,-67.69171,""
"Cruz Papal","CRPL",-16.50312,-68.16616,"LPZ053"
"Cuartel de Comunicaciones LPZ","CCN",-16.48141,-68.12483,"LPZ358"
"Cuatro Esquinas","4EQ",-17.36017,-66.22875,"CBB575"
"Cuchilla","CHI",-17.8246,-63.2028,"SCZ173"
"Cuchumuela","CUC",-17.65244,-65.79398,""
"Cuellar","CUE",-17.77868,-63.18877,"SCZ026"
"Cuevo","CVO",-20.44406,-63.4989,""
"Culpina","CUL",-20.82455,-64.94035,""
"Cumavi","CUM",-17.78422,-63.11589,"SCZ305"
"Cumbre Sorata TX","CSO",-15.89374,-68.64853,""
"Cupesi","CUP",-17.83245,-63.10211,"SCZ230"
"Cupilupaca","CPC",-16.55231,-68.19487,"EAL333"
"Curahuara de Carangas","CUH",-17.84014,-68.41075,""
"Curtiembre San Juan","CSJ",-21.52356,-64.71635,"TRJ18"
"Curva Delicias","CUD",-16.47308,-68.12901,"LPZ366"
"Curva LPZ","CRVL",-15.126,-68.99897,""
"Dalence","DAL",-17.97608,-67.05386,""
"Desaguadero","DES",-16.56603,-69.03292,""
"Destacamento 317","D317",-19.04166,-65.24771,"SRE026"
"DIRME","DIR",-19.56831,-65.76775,""
"Don Bosco","DBO",-16.53271,-68.16245,"EAL305"
"Don Lorenzo","DLZ",-17.80863,-62.88203,""
"Dulce Sueno","DSU",-17.81466,-63.20637,"SCZ139"
"Eagles School","ESH",-17.73805,-63.1647,"SCZ051"
"Easy Macro Banco Sol","EMBS",-16.50217,-68.13406,""
"Easy Macro Mercado Lanza","EMML",-16.49529,-68.13739,""
"Ecologica","ECO",-17.7681,-63.10685,"SCZ328"
"Ecuador","ECU",-16.50931,-68.13081,"LPZ115"
"Ed. Mariscal Ballivian","EMB",-16.49839,-68.13335,""
"Edificio Alianza","EAL",-16.50739,-68.12824,""
"Edificio Castrillo","ECS",-16.50672,-68.13386,"LPZ117"
"Edificio Cubo","EDC",-17.76079,-63.202,"SCZ017"
"Edificio D&M","EDM",-16.53258,-68.07455,"LPZ006"
"Edificio DIMA","EDI",-17.78511,-63.19388,"SCZ1000"
"Edificio Franz Tamayo","EFT",-16.50446,-68.13184,""
"Edificio Guayaquil","EGY",-16.51285,-68.13101,"LPZ113"
"Edificio Mirage Tower","EMT",-17.38837,-66.15994,""
"Edificio Omontes","EOM",-17.39657,-66.1578,""
"Edificio Providencia","EPV",-16.50038,-68.12329,""
"Edificio Santa Cruz Tours","TOU",-17.78537,-63.18155,"SCZ1011"
"Eduardo Avaroa","EDU",-16.50061,-68.15522,"LPZ533"
"Eduardo Caba","ECB",-16.49775,-68.12518,""
"Eguino","EGU",-16.49264,-68.13987,""
"Ejercito","EJE",-21.54003,-64.72861,"TRJ002"
"El Abra","EAB",-17.3921,-66.1131,"CBB209"
"El Bateon","EBT",-20.02654,-63.53465,""
"El Bisito","EBI",-17.794,-63.0167,""
"El Chaco","ECHO",-18.8946,-65.1141,""
"El Choro Oruro","CHOR",-18.35775,-67.11606,""
"El Chorro","ECR",-11.52832,-66.28838,""
"El Chubi","ECH",-17.76699,-63.19401,"SCZ014"
"El Deber","EDE",-17.79968,-63.16806,"SCZ090"
"El Gallito","EGL",-17.85464,-63.10386,"SCZ273"
"El Greco","GRE",-16.54085,-68.08698,"LPZ009"
"El Guereo","EGR",-19.05353,-65.25279,"SRE151"
"El Maestro","MAE",-16.47204,-68.11605,"LPZ335"
"El Morro","EMR",-19.02772,-65.24685,"SRE041"
"El Morro 2","EMR2",-19.02697,-65.23867,""
"El Pajonal","PAJ",-17.80444,-63.17187,"SCZ092"
"El Pari","EPA",-17.79807,-63.18875,"SCZ1004"
"El Paso","PAS",-17.34953,-66.25726,""
"El Portillo","EPR",-21.56874,-64.66747,""
"El Porvenir","EPO",-11.23572,-68.69172,""
"El Puente","PUE",-16.32978,-62.91653,""
"El Puente TRJ","EPT",-21.23764,-65.20437,""
"El Recreo","RCR",-17.88097,-63.09215,"SCZ275"
"El Retono","RTO",-17.71692,-63.14302,"SCZ510"
"El Sena","ESN",-11.47444,-67.24139,""
"El Sillar Tx","STX",-18.12653,-63.59895,""
"El Tejar","TEJ",-16.493,-68.15722,"LPZ514"
"El Tejar 2","TJR",-16.49656,-68.15694,""
"El Terrado","TER",-17.7943,-63.10411,"SCZ310"
"El Terrado II","TER2",-17.81443,-63.09202,"SCZ218"
"El Tinto","ETT",-17.66851,-61.51268,""
"El Torno","TOR",-18.00322,-63.3864,""
"El Torno 2","TOR2",-17.99419,-63.3835,""
"El Torno 3","TOR3",-18.00612,-63.39502,""
"El Trapiche","TRP",-17.7521,-63.07485,""
"El Triunfo","ETF",-17.86801,-63.15121,"SCZ945"
"El Villar","EVL",-19.62698,-64.31995,""
"Eloy Salmon","ELO",-16.49844,-68.14636,"LPZ523"
"Entrada a Viacha","EVI",-16.64681,-68.28505,""
"Entre Rios","ENT",-17.20203,-64.53527,""
"Entre Rios TRJ","ETR",-21.52632,-64.17465,""
"Epizana","EPI",-17.63797,-65.23024,""
"Equipetrol Norte","EQI",-17.75871,-63.19949,"SCZ017"
"Escara","ESCR",-18.85616,-68.16874,""
"Escobar Uria","EBU",-16.4915,-68.10986,"LPZ350"
"Escoma","ESC",-15.667,-69.1225,""
"Escuadron Velasco","ESV",-17.80283,-63.19383,"SCZ143"
"Escuela Francisco Palau","FPA",-17.38353,-66.10925,"CBB207"
"Escuela Industrial","ESI",-16.47522,-68.15003,"LPZ212"
"ESMERALDA","ESM",-18.84666,-68.28001,""
"Espana","ESP",-17.78122,-63.18528,"SCZ1020"
"Estacion","EST",-17.40382,-66.15313,""
"Estacion Argentina","EAR",-17.80246,-63.15829,"SCZ088"
"Estacion Buses","BUS",-17.78946,-63.16349,"SCZ074"
"Estacion de Trenes 2","TRE2",-17.9736,-67.10702,"ORU187"
"Estacion Norte","ENR",-19.59261,-65.76142,"PTS106"
"Estadio F Capriles","FEL",-17.37894,-66.16747,"CBB306"
"Estadio Gilberto Parada","EGP",-17.348,-63.26053,"MON003"
"Estadio Gran Mamore","EGM",-14.81839,-64.89366,""
"Estadio IV Centenario","E4C",-21.53239,-64.72582,"TRJ006"
"Estadio Jesus Bermudez","JBE",-17.9477,-67.11018,"ORU071"
"Estadio Mercado","EMM",-19.57353,-65.76421,"PTO032"
"Estadio Nacional Potosi","ENP",-19.58358,-65.75025,"PTS039"
"Estadio Quillacollo","ESQ",-17.39133,-66.27154,"QLL012"
"Estadio San Ignacio","ESG",-16.37908,-60.971,""
"Estadio Victor Agustin Ugarte","EVU",-19.57938,-65.76346,"PTS053"
"Estadio Yacuiba","EYB",-22.02539,-63.68181,"YCB008"
"Estadium Mariscal Braum","MBR",-16.49216,-68.12167,"LPZ102"
"Estatua Manuel Padilla","EMP",-19.04294,-65.25081,"SRE026"
"Estrella del Norte","EDN",-16.46281,-68.20711,""
"Estructurante","ESTR",-16.5922,-68.21901,""
"Estudiantes","ETD",-17.41084,-66.14991,""
"Eterazama","ETE",-16.83208,-65.52083,""
"EUCALIPTUS","EUC",-17.59453,-67.50778,""
"Evangelica","EVA",-17.84269,-63.20535,"SCZ816"
"Ex Comunidad Callapa","ECC",-16.49874,-68.09774,"LPZ315"
"Ex Fundo Charapaqui","CRQ",-16.53783,-68.20997,"EAL230"
"Ex Fundo El Ingenio","EFI",-16.47131,-68.17541,"EAL22"
"Ex Fundo Llojeta","EFL",-16.52322,-68.12151,"LPZ586"
"Ex Fundo Mazo Cruz","FMZ",-16.65952,-68.17618,""
"Ex Fundo San Roque","EFD",-16.46363,-68.28014,""
"Ex Hacienda Ovejuyo","EHO",-16.5384,-68.03101,"LPZ463"
"Ex Hacienda Viliroco","EHV",-16.60378,-68.25387,""
"Exaltacion","EXA",-13.32117,-65.24834,""
"Eyti","EYT",-19.7857,-63.50036,""
"FABOCE","FBC",-17.7795,-63.14506,"SCZ109"
"Fabrica de Aceites Itika","ITK",-21.26256,-63.46208,""
"Fabrica de Alambres","FAL",-17.98942,-67.13403,"ORU124"
"Fabrica de Vidrios","FVD",-16.48472,-68.23724,"EAL135"
"Fabrica Delizia","FDZ",-16.54812,-68.20984,"EAL237"
"Fabrica Manaco","FMN",-17.3945,-66.30247,""
"Facultad de Agronomia","FAG",-17.44471,-66.1338,"CBB146"
"Facultad de Derecho UTO","UTO",-17.96521,-67.10917,"ORU101"
"Facultad de Medicina","FMD",-19.04384,-65.26721,"SRE141"
"Facultad Nacional de Ingenier칤a","FNI",-17.99892,-67.13692,""
"Falda Sama","FSM",-21.46031,-64.78073,""
"Fancesa","FCS",-19.01941,-65.25094,"SRE047"
"Faro Murillo","FMU",-16.50745,-68.1548,"LPZ556"
"Fatima","FAT",-16.48033,-68.12085,"LPZ331"
"Faustino Medina","FTM",-16.51281,-68.15588,"LPZ068"
"Feicobol","FEI",-17.42206,-66.12816,"CBB130"
"Feria","FER",-17.78473,-63.19797,"SCZ031"
"Feria 16 de Julio","FEJ",-16.49254,-68.17257,"LPZ057"
"Feria Montero","FMO",-17.31629,-63.27408,""
"Feria Santa Cruz","FSC",-17.78441,-63.21166,"SCZ034"
"Fernandez Alonso","FAS",-17.01539,-63.21974,""
"FEXPO","FEX",-17.78263,-63.20403,"SCZ032"
"Fexpo beni","FXB",-14.81111,-64.9043,""
"Fexpo Villa Montes","FVM",-21.26859,-63.4152,""
"Filadelfia","FLF",-11.3425,-68.76055,""
"Final 3 pasos al frente","F3PF",-17.81557,-63.07261,""
"Final Barrientos","FBA",-17.41833,-66.15289,""
"Final Colon - Sella","FICS",-21.4885,-64.71646,""
"Final Lujan","FLJ",-17.73714,-63.06672,""
"Final Wiracocha","FWC",-17.35977,-66.18637,"CBB510"
"Florida","FLO",-16.54666,-68.08495,"LPZ036"
"Foianini","FOI",-17.79472,-63.14677,"SCZ112"
"Fortun Sanjinez","FSA",-16.54082,-68.07215,"LPZ017"
"Fraternidad Talavera","FTV",-17.7476,-63.09729,"SCZ421"
"Fridosa","FRI",-17.7674,-63.05177,"SCZ369"
"Froilan Tejerina","FRT",-21.5065,-64.7313,"TRJ025"
"Fuerza Aerea","FAE",-16.49851,-68.19307,"EAL102"
"Fuerza Aerea Tarija","FTJ",-21.57383,-64.69602,"TRJ154"
"Fundo Kututo","FKT",-16.53881,-68.17064,"EAL314"
"Fundo Ventillas","VTL",-16.61988,-68.18313,""
"Garita Potosi","GRP",-16.50917,-68.14914,"LPZ553"
"General Carrasco","CRR",-17.95013,-67.11644,"ORU068"
"Gran Hotel Londres","GHL",-21.52939,-64.73099,"TRJ011"
"Gran Poder","POD",-16.50056,-68.14225,"LPZ527"
"Guabira","GBR",-17.31546,-63.26997,"MON201"
"Guabira 2","GBR2",-17.29555,-63.27048,""
"Guadalquivir","TAR1",-21.53298,-64.73393,""
"Gualberto Villarroel","GVL",-17.44754,-66.10998,""
"Guanay","GAY",-15.48344,-67.85992,""
"Guanay 2","GAY2",-15.4987,-67.8825,""
"Guapay Sur","GPY",-17.85219,-63.19346,"SCZ815"
"Guapilo","GPI",-17.76458,-63.08483,""
"Guaqui","GQI",-16.5984,-68.83644,""
"Guaracachi","GRC",-17.78637,-63.14142,"SCZ108"
"Guaracal","GRL",-17.81207,-63.17485,"SCZ095"
"Guarayos","ASG",-15.8843,-63.1906,""
"Guarayos 3","ASG3",-15.87768,-63.17811,""
"Guayaramerin","GYM",-10.81168,-65.35332,""
"Guayaramerin 2","GY2",-10.82481,-65.35569,""
"Guayaramerin 3","GY3",-10.83945,-65.358,""
"Guayaramerin 4","GY4",-10.8334,-65.3446,""
"Guayaramerin 5","GY5",-10.80918,-65.36642,""
"Guembe","GMB",-17.76745,-63.24077,""
"Guevara","GUE",-17.80544,-63.13428,"SCZ183"
"Gutierrez","GUT",-19.42192,-63.53156,""
"Hamacas","HMC",-17.75413,-63.16694,"SCZ006"
"Hamburgo","HAM",-16.48913,-68.11537,"LPZ349"
"Hardeman","HAR",-16.67793,-63.61539,""
"Herbario","HRB",-16.5385,-68.07553,"LPZ008"
"HERMANOS RUILOBA","RUI",-21.54389,-64.75013,"TRJ102"
"Heroinas","HER",-17.39031,-66.14776,""
"Hipermaxi","HIP",-17.75884,-63.17941,"SCZ011"
"Hipodromo","HPD",-17.38744,-66.18686,"CBB552"
"Hogar Sagrada Familia","HSF",-21.53688,-64.69659,"TRJ209"
"Holgazanes","HOL",-17.81083,-63.16705,"SCZ091"
"Homecenter","HCN",-17.75279,-63.17498,"SCZ005"
"Hospital Japones","JAP",-17.77279,-63.15622,"SCZ069"
"Hotel Amazonas","HAZ",-17.78235,-63.18401,"SCZ1014"
"Hotel Arenal","ARL",-17.78034,-63.17901,"SCZ1015"
"Hotel Bolivia","HBO",-17.96256,-67.10699,"ORU357"
"Hotel Camino Real","HCR",-17.75602,-63.19878,"SCZ016"
"Hotel Casagrande","HCG",-16.5405,-68.08258,"LPZ011"
"Hotel La Quinta","HLQ",-17.79255,-63.19307,"SCZ1002"
"Hotel Libertador","LBT",-16.4979,-68.132,""
"Hotel Los Ceibos","HLC",-21.53307,-64.73928,"TRJ004"
"Hotel Palace","HPL",-17.96928,-67.11119,""
"Hotel Samary","HSM",-19.05171,-65.25823,"SRE152"
"Hotel Valery","HVL",-19.57821,-65.75458,"PTS038"
"Hotel Vi침a del Sur","HVS",-21.54757,-64.73251,"TRJ099"
"Huacaraje","HCJ",-13.59584,-63.87665,""
"Huacareta","HCT",-20.36604,-64.00216,""
"Huacaya","HCY",-20.74493,-63.6653,""
"HUACHACALLA 2","HCH2",-18.79294,-68.26157,""
"Huajara II","HJ2",-17.93706,-67.09364,""
"Huajchilla","HJC",-16.62873,-68.05637,"LPZ610"
"Huancane","HNE",-16.3687,-67.52608,""
"Huanuni","HUN",-18.29158,-66.84125,""
"Huanuni 2","HUN2",-18.26818,-66.86266,""
"Huari","HRI",-19.0123,-66.7794,""
"Huarina","HUAR",-16.18514,-68.61453,""
"Huarinilla","HRN",-16.20952,-67.7803,""
"Huatajata","HTJ",-16.207,-68.69679,""
"Huayllamarca","HUAY",-17.82983,-67.94357,""
"Huayllani","HAY",-17.40042,-66.07964,""
"Huayllani Chico","HYC",-17.38394,-66.05849,""
"Huayna Kapaj","HKP",-17.39827,-66.16572,""
"Huayna Potosi","HPT",-16.47401,-68.21161,"EAL075"
"Huaynataki","HTK",-16.52073,-68.05933,""
"Humboldt","HUM",-16.54681,-68.09418,"LPZ407"
"Huyustus","UYU",-16.49411,-68.14242,""
"Ibuelo","IBU",-16.9798,-65.3431,""
"IC Norte 2","IC2",-17.38727,-66.17839,"CBB301"
"Ichoa","ICH",-17.22723,-64.45568,""
"Icla","ICL",-19.36326,-64.78893,""
"Iglesia Don Bosco","IDB",-17.79391,-63.176,"SCZ082"
"Illampu","ILL",-16.49954,-68.13904,""
"Inbolteco","IBO",-17.3948,-66.1005,"CBB210"
"Incahuasi","IHS",-16.58758,-68.19768,"EAL388"
"Incahuasi SCR","ICR",-20.76715,-64.8904,""
"Independencia","IDP",-17.08031,-66.82132,""
"Industrial","IND",-17.95714,-67.11075,"ORU102"
"INFOCAL","IFC",-17.77644,-63.15175,"SCZ070"
"Ingenio Bermejo","IBJ",-22.69286,-64.29361,""
"Ingenio Minero","IGM",-17.0999,-63.2396,""
"Ingenio San Aurelio","ISA",-17.80766,-63.15546,"SCZ176"
"Inquisivi","INQ",-16.8607,-67.1404,""
"Internacional","INT",-17.84745,-63.16224,"SCZ917"
"Ipati","IPT",-19.75347,-63.56477,""
"Ironcollo","IRC",-17.36226,-66.28438,"QLL030"
"Ironcollo 2","IRC2",-17.33799,-66.29005,""
"Irpa Irpa","IPA",-17.72289,-66.2875,""
"Irpavi 2","IRP",-16.50748,-68.0895,"LPZ413"
"Irupana","IRU",-16.48318,-67.43306,""
"Irupana 2","IRU2",-16.46645,-67.45471,""
"Isabel La Catolica","ISC",-17.78934,-63.18928,"SCZ1001"
"ISCAYACHI","ICY",-21.48806,-64.95603,""
"Isinuta","ISI",-16.73654,-65.64363,""
"Isla del Sol","IDS",-16.0612,-69.1267,""
"Itapaque","ITA",-17.72082,-63.0712,""
"Ivirgarzama","IVI",-17.03,-64.85889,""
"Ivirgarzama 2","IVI2",-17.06099,-64.85229,""
"Ixiamas","IXM",-13.77247,-68.13183,""
"Izarsama","IZA",-17.13708,-64.69074,""
"Jaihuayco","JHY",-17.41591,-66.158,"CBB033"
"Japuta Lago","LAG",-16.33477,-68.65522,""
"Jardin Botanico","BOT",-17.76376,-63.06899,""
"Jardines del Sur","JDS",-17.87017,-63.12803,"SCZ966"
"Jatum","JAT",-17.98553,-67.15317,""
"Jesus de Machaca","JMA",-16.7431,-68.8082,""
"Jesus Nazareth","JNA",-16.5444,-68.2223,"EAL243"
"Jhonny Fernandez","JFZ",-17.81644,-63.11008,"SCZ198"
"John Pictor Blanco","JPB",-17.78872,-63.16693,"SCZ079"
"Jorge Wilsterman","WIL",-17.4072,-66.16964,""
"Jorochito","JOR",-18.0546,-63.42766,""
"Juan 23","J23",-21.53899,-64.7169,"TRJ205"
"Juan de la Rosa","JUAN",-17.37589,-66.18044,"CBB308"
"Juan Del Granado","JDG",-16.5218,-68.05596,"LPZ003"
"Juan del valle","JVL",-18.45171,-66.59729,""
"Juan Lechin Oquendo","JLO",-17.37947,-66.25922,""
"Juan Pablo II Sud","JP2",-17.39303,-66.20056,"CBB620"
"Juntuhuma","JUH",-16.60687,-68.18727,"EAL400"
"Kapique","KPQ",-16.04611,-68.80042,""
"Kara Kara","KRK",-17.47435,-66.12036,""
"Keluyo","KLY",-20.01513,-66.76479,""
"Km 12 La Guardia","K12",-17.86342,-63.26782,"GRD199"
"Kollasuyo","KOL",-16.49505,-68.15205,"LPZ513"
"Konani","KON",-17.43617,-67.51857,""
"Kupini","KUP",-16.5113,-68.09654,"LPZ301"
"La Asunta","ASU",-16.12831,-67.19136,""
"La Belgica","BEL",-17.57068,-63.22903,""
"La Calzada","LCZ",-16.29315,-67.32282,""
"La Cancha","CACH",-17.41189,-66.15614,""
"La Cantera","LCA",-17.77828,-66.29969,""
"La Capilla","LCP",-17.40614,-66.0948,""
"La Cascada Villamontes","LCV",-21.25915,-63.45032,""
"La Casona","LCS",-17.79906,-63.09243,"SCZ321"
"La Chancadora","LCN",-17.9538,-67.12177,"ORU064"
"La Chonta","LCT",-17.70279,-63.16089,"SCZ617"
"La Curva","CUR",-17.82633,-63.13819,"SCZ189"
"La Enconada","ENC",-17.73427,-62.93412,""
"La Enconada Ichilo","LEI",-17.05667,-63.89252,""
"La Guardia","GUA",-17.89947,-63.3166,"GRD005"
"La Guardia 2","GUA2",-17.92435,-63.28242,""
"La Hacienda","HAC",-17.74354,-63.15912,"SCZ102"
"La Huachaca","HUC",-17.37628,-67.67732,""
"La Macarena","LMC",-17.8063,-63.2075,"SCZ044"
"La Maica 2","MAI2",-17.41869,-66.17062,"CBB098"
"La Merced","MCD",-17.78781,-63.19419,"SCZ1000"
"La Normal","NOR",-16.5161,-68.1135,"LPZ031"
"La Palma","LPM",-18.95739,-65.13549,""
"La Paz","LPZ",-19.056,-65.25745,"SRE162"
"La Portada","LPO",-16.49008,-68.16671,"LPZ507"
"La Pradera","PRA",-17.80599,-63.10212,"SCZ214"
"La Rioja","RIO",-17.80526,-63.1999,"SCZ141"
"La Salle","SAL",-17.7724,-63.1877,"SCZ024"
"La Sierra","SIE",-17.92772,-63.3468,""
"La Tranca","TRA",-17.85336,-63.2547,"GRD250"
"La Zarca","ZAR",-21.52789,-64.73504,"TRJ062"
"Lacma","LCM",-17.43526,-66.16631,""
"Ladrilleras de Cotahuma","LDC",-16.54,-68.13304,"LPZ597"
"Laguna Pozo","LGP",-17.59156,-62.67368,""
"Laguna Suarez","LASU",-14.87432,-64.86056,""
"Laguna Sulti","LGS",-17.56508,-65.88882,""
"Laguna Trinidad","LTR",-14.84276,-64.89659,""
"Lagunas Parque Industrial","LPQI",-17.74498,-63.13507,""
"Lagunilla","LGN",-19.65447,-63.67476,""
"Laja","LAJ",-16.53608,-68.38314,""
"Lajastambo","LJT",-19.01037,-65.3042,""
"Lambate","LMA",-16.58072,-67.68869,""
"Landaeta","LDT",-16.50954,-68.13628,"LPZ117"
"Landivar","LND",-17.78492,-63.18923,"SCZ1001"
"Las Barreras","LBA",-17.44952,-63.18683,""
"Las Brisas","LBS",-17.36684,-66.14565,"CBB005"
"Las Carreras","LCR",-21.20957,-65.20899,""
"Las Chalanas","CHL",-22.73595,-64.34548,""
"Las Cuadras","CUA",-17.39658,-66.14164,""
"Las Islas","LIS",-17.36822,-66.15919,"CBB325"
"Las Lomas","LOM",-16.52508,-68.13775,"LPZ582"
"Las Nieve","NIV",-16.60594,-68.19942,""
"Las Retamas","LTM",-16.54398,-68.05994,"LPZ040"
"Las Tacuaras","LTA",-17.70297,-63.14698,""
"Lastra","LST",-16.51922,-68.12745,"LPZ573"
"Lazareto","LAZ",-17.78319,-63.16414,"SCZ072"
"Legal Consult","LCO",-17.77528,-63.18598,"SCZ025"
"LICOMA TX","LTX",-16.77273,-67.17767,""
"Limoncito","LIM",-18.0305,-63.40419,""
"Lipari","LIP",-16.6098,-68.05927,""
"Liquinas","LIQ",-17.57236,-65.99102,""
"Lira","LYR",-16.51418,-68.13329,"LPZ113"
"Litoral","LIT",-16.72836,-63.57556,""
"Llallagua","LLA",-18.4259,-66.5887,""
"Llica","LLI",-19.8519,-68.24537,""
"Llojeta","LLO_",-16.53288,-68.13925,"LPZ591"
"Llojeta Bajo","LLB",-16.52713,-68.12566,"LPZ587"
"Locotal","LCL",-17.18972,-65.80411,""
"Loma Alta","LOA",-17.0751,-63.4877,""
"Loma Suarez","LSU",-14.76193,-64.96274,""
"Lomas De Achumani","LAH",-16.52951,-68.04775,""
"Lomas de Aranjuez","LDA",-17.3594,-66.14869,"CBB007"
"Lomas de San Juan","LSJ",-21.52514,-64.7378,"TRJ012"
"Loreto","LOR",-17.42029,-66.16097,"CBB036"
"Loreto Beni","LOB",-15.18889,-64.75498,""
"Los Andes","AND",-17.80709,-63.11544,"SCZ197"
"Los Andes Ichilo","AIC",-16.88451,-63.83113,""
"Los Andes LPZ","ANLP",-16.49167,-68.18978,"EAL006"
"Los Bosques","BOS",-17.80981,-63.22199,"SCZ701"
"Los Chacos","LCH",-17.74153,-63.111,"SCZ415"
"Los Cusis","CUS",-17.72862,-63.07991,""
"Los Mangales","MNG",-17.79307,-63.21761,"SCZ111"
"Los Negros","LNG",-18.06,-64.11712,""
"Los Pinos","PNS",-16.54499,-68.06907,""
"Los Pozos","POZ",-17.77798,-63.17686,"SCZ1017"
"Los Sauces","LSS",-17.72796,-63.181,"SCZ048"
"Los Troncos","LTO",-17.06824,-62.64071,""
"Lotes","LOT",-17.86648,-63.16735,"SCZ942"
"Lourdes","LOU",-21.51536,-64.72994,"TRJ26"
"Loyola","LOY",-19.02121,-65.2539,"SRE045"
"LPZ ORU III","LPOR3",-17.64985,-67.29091,""
"LPZ TAM I","LPTA1",-18.19064,-68.84454,""
"LPZ TAM IV","LPTA4",-17.63173,-68.3787,""
"LPZ_ORU2","LPZORU2",-17.16338,-67.94131,""
"LPZORU1","LPZORU1",-16.90673,-68.10095,""
"LPZTAM5","LPZTAM5",-17.38178,-68.23736,""
"LPZTAM6","LPZTAM6",-17.35128,-68.10306,""
"LTE_Malla","MLA",-17.04011,-67.45058,""
"Machacamarca","MCH",-18.16722,-67.00304,""
"Machareti","MAC",-20.81942,-63.35244,""
"Macubol","MAB",-16.4898,-68.13679,"LPZ254"
"Magdalena","MDL",-13.25508,-64.05768,""
"Magisterio","MGT",-17.78629,-63.1322,"SCZ115"
"Maica","MIC",-17.41752,-66.20541,""
"Mairana","MAI",-18.12265,-63.95995,""
"Mallasa","MAL",-16.503,-68.1393,"LPZ542"
"Mallasilla","MSI",-16.56217,-68.102,""
"Mallco Rancho","MLR",-17.41656,-66.35678,""
"Malmisa","MMS",-19.09193,-65.75056,""
"Mamanaca","MMN",-17.5841,-66.05295,""
"Manco Kapac","MKC",-17.18038,-64.56165,""
"Manuel Belgrano","BGR",-21.53734,-64.72347,"TRJ007"
"Mapiri","MAP",-15.32201,-68.24308,""
"Mapiri 2","MAP2",-15.30477,-68.21404,""
"Maria Auxiliadora","MAX",-17.43395,-66.1579,"CBB042"
"Maria Goreti","GRT",-17.76988,-63.1779,"SCZ001"
"Mariscal","MCL",-19.04821,-65.25908,""
"Mariscal Sucre","MRS",-16.47749,-68.22848,"EAL073"
"Martona","MTO",-17.34383,-63.2378,"MON148"
"Martona 2","MTO2",-17.34999,-63.21336,""
"Matadero","MAT",-17.77053,-63.12488,"SCZ303"
"Mataral","MTL",-18.11593,-64.21585,""
"Max Fernandez","MXF",-16.53315,-68.14641,"LPZ593"
"Mayaya","MAY",-15.4135,-67.59847,""
"Mayorazgo","MYG",-17.35456,-66.17072,"CB0B15"
"Mecado el Carmen","MRE",-16.49566,-68.2155,"EAL115"
"Mecapaca","MPC",-16.53896,-68.09431,"LPZ405"
"Mechero","MEC",-17.82624,-63.11116,"SCZ210"
"Mediterraneo II","MDT",-17.37365,-66.18565,"CBB508"
"Megacenter","MGC",-16.53315,-68.0859,""
"Melchor Perez","MPR",-17.37148,-66.17524,"CBB319"
"Melchor Pinto","MEL",-17.78338,-63.17131,"SCZ077"
"Melga","MGA",-17.42515,-65.90773,""
"Mendez Arcos","MZA",-21.5346,-64.74511,"TRJ103"
"Menonita Rivas Palacio","MRP",-18.0501,-63.061,""
"Menonitas Nueva Esperanza","MNE",-17.33528,-62.48549,""
"Mercado","MER",-17.78828,-63.18547,"SCZ1012"
"Mercado Abasto","MBA",-19.57482,-65.75548,"PTS166"
"Mercado Belen","MBE",-17.75632,-63.18697,"SCZ013"
"Mercado Bolivar","MBO",-17.96828,-67.10608,"ORU360"
"Mercado Campesino","MCM",-21.52075,-64.74264,"TRJ24"
"Mercado El Gallo","MEG",-17.4067,-66.15643,""
"Mercado La Guardia","MLG",-17.89514,-63.3262,"GRD004"
"Mercado La Villa","MLV",-17.79839,-63.13454,"SCZ122"
"Mercado Munaipata","MMY",-16.4898,-68.15822,"LPZ201"
"Mercado Negro","MEN",-19.0416,-65.25602,"SRE139"
"Mercado Reto침o","MRTO",-17.74141,-63.07663,"SCZ458"
"Mercado San Antonio","MSA",-19.04978,-65.24353,"SRE010"
"Mercado Yungas","YGS",-16.4971,-68.12866,""
"Mesadilla","MES",-17.36845,-66.13968,"CBB003"
"Metalmec","MME",-17.73386,-63.15948,"SCZ165"
"Micro Cell Hansa","STS",-16.49733,-68.13597,""
"MicroRBS Barrio Lindo","MBLI",-17.78905,-63.15299,""
"MicroRBS Expocruz","MEXP",-17.78422,-63.20839,""
"MicroRBS H Marriott 3","HMT3",-17.76121,-63.20238,"SCZ017"
"MicroRBS Mall Las Brisas","MLBR",-17.74902,-63.17531,"SCZ045"
"MicroRBS Mutualista","MMUT",-17.76396,-63.1605,""
"MicroRBS Universisad Yacuiba","MUYA",-21.9448,-63.65027,""
"MicroRBS Zurich","ZUR",-17.78678,-63.18107,"SCZ1011"
"MicroRBS Zurich II","ZUR2",-17.77428,-63.1432,""
"Miguel de Cervantes","MCV",-17.36199,-66.15965,"CBB010"
"Millares","MLL",-19.42744,-65.18166,""
"Mineros","MIN",-17.12093,-63.22879,""
"Mirador","MRD",-16.51264,-68.11765,""
"Miraflores","MIR",-16.4969,-68.1222,""
"Misiones","MIS",-17.84162,-63.18139,"SCZ804"
"Mizque","MIZ",-17.9223,-65.3291,""
"Mocomoco","MOC",-15.46049,-68.99903,""
"Mojinete","MJT",-21.76402,-66.23826,""
"Mojocoya","MOJ",-18.79173,-64.62787,""
"Monte Verde","MVE",-17.69697,-63.07706,""
"Monteagudo","MAG",-19.80089,-63.95975,""
"Monteagudo 2","MT2",-19.7959,-63.95573,""
"Montepunku","MPK",-17.59965,-65.30294,""
"Montero","MON",-17.33655,-63.25988,"MON001"
"Montero 3","MON3",-17.34554,-63.24968,"MON007"
"Montero Centro","MCR",-17.34278,-63.25556,"MON008"
"Montero Hoyos","MHO",-17.6388,-62.82042,""
"Montero4","MON4",-17.34882,-63.27042,"MON074"
"Montero6","MON6",-17.36295,-63.22026,""
"Montero7","MON7",-17.31729,-63.24316,""
"Montero8","MON8",-17.33339,-63.27594,""
"Monterrey","MTR",-17.83207,-63.21371,"SCZ809"
"Montibello","MTB",-17.79974,-63.22044,"SCZ133"
"Monticulo","MTC",-16.51525,-68.12828,"LPZ565"
"Monumento Libertadores","MLB",-21.99271,-63.67243,"YCB020"
"Mora","MOR",-18.45452,-63.20804,""
"Moragrande","MGR",-17.83631,-63.19598,"SCZ802"
"Moro Moro","MRM",-18.35382,-64.32128,""
"Morochata","MRC",-17.23439,-66.53297,""
"Morros Blanco","TAR2",-21.54636,-64.70181,"TRJ207"
"MPRADO","MPRA",-17.38657,-66.15606,""
"Multicine","MCN",-16.51156,-68.12245,""
"Munaipata","MPT",-16.4898,-68.163,"LPZ506"
"Murillo","MUR",-19.58578,-65.74547,"PTS041"
"Museo Santa Clara","CLR",-19.05006,-65.25583,"SRE152"
"Mutual","MUT",-16.50122,-68.13222,""
"MUTUALISTA","MTA",-17.76056,-63.15992,"SCZ059"
"Muyupampa","MYP",-19.89601,-63.75642,""
"Naranjal","NAR",-17.40629,-63.20358,""
"Nazacara de Pacajes","NAZ",-16.93733,-68.7644,""
"Nestoria","NES",-17.33025,-63.24813,""
"Nicolas Ortiz","NOZ",-16.49662,-68.11093,"LPZ310"
"Normandia","NRM",-17.85373,-63.09206,"SCZ292"
"Norte","ORU2",-17.94543,-67.10208,"ORU345"
"Nucleo 14 Nueva Vida","NNV",-16.80352,-62.75729,""
"Nucleo 2 La Asunta","NLA",-16.77056,-62.57886,""
"Nucleo San Martin","NSM",-16.70316,-62.86059,""
"Nueva America Calama","NAC",-17.98356,-67.11763,"ORU131"
"Nueva Minero 3","NM3",-17.1635,-63.2242,""
"Nueva Urb Pueblo Nuevo","NPN",-17.85484,-63.03124,""
"Nuevo Amanecer","NUA",-16.99998,-62.91512,""
"Nuevo Horizonte","NHO",-17.3107,-64.15319,""
"Nuevo Palmar","NUP",-17.8742,-63.14087,""
"NUR","NUR",-17.76726,-63.18364,"SCZ008"
"Obejuyo","OBE",-16.53175,-68.04353,"LPZ456"
"Obrajes","OBR",-16.52641,-68.10735,"LPZ025"
"Obrero Yacuiba","OYA",-22.0159,-63.6859,"YCB006"
"Ocuri","OCU",-18.8172,-65.79225,""
"Okinawa","OKI",-17.22671,-62.90219,""
"Okinawa II","OKI2",-17.37218,-62.88065,""
"Okinawa III","OKI3",-17.53164,-62.92283,""
"Olguin","OLG",-17.79561,-63.18579,"SCZ084"
"Olivos","POT1",-19.56772,-65.75347,"PTS025"
"Omereque","OMQ",-18.1075,-64.90478,""
"Oquendo","OQU",-17.39775,-66.14956,""
"Orinoca","ORN",-18.93721,-67.2723,""
"Orquideas","ORQ",-17.8385,-63.12485,"SCZ225"
"ORU CBBA I","ORC1",-17.82621,-66.9966,""
"ORU CBBA II","ORC2",-17.6205,-66.93093,""
"ORU CBBA IV","ORC4",-17.69711,-66.69538,""
"ORU CBBA VII","ORC7",-17.55853,-66.32375,""
"ORUCBBA5","ORC5",-17.71033,-66.56277,""
"ORUCBBA6","ORC6",-17.65004,-66.4605,""
"Oruro Este","ORU4",-17.9739,-67.08782,"ORU271"
"Oruro oeste 2","OO2",-17.95414,-67.0602,""
"OTB Antofagasta","ANF",-17.40772,-66.03424,"SAC010"
"Pacata","PAC",-17.37976,-66.11725,"CBB205"
"Pacata Alta","PAA",-17.36876,-66.13013,"CBB008"
"Padcaya","PAD",-21.89004,-64.71487,""
"Padilla","PDL",-19.30739,-64.31053,""
"Paicho El puente","PPT",-21.18712,-64.99194,""
"Pailas","PAI",-17.6679,-62.80165,""
"Pailon","PLO",-17.6635,-62.7213,""
"Pailon 2","PLO2",-17.66765,-62.7212,""
"Pairumani","PAIR",-17.38313,-66.31765,""
"Paititi","PTT",-14.8307,-64.80813,""
"Palacio de Justicia CBBA","PJC",-17.3947,-66.152,""
"Palca","PCC",-16.5616,-67.9515,""
"Palizada","PLD",-18.05634,-64.43154,""
"Palmar Chico","PLM",-21.85868,-63.63948,""
"Palmar del Oratorio","ORA",-17.88676,-63.161,""
"Palmar Grande","PGR",-21.49765,-63.46367,""
"Palmarcito","PRC",-21.53072,-64.71796,"TRJ008"
"Palmas","PAL",-17.80628,-63.21176,"SCZ044"
"Palmas del Oeste","PDO",-17.81892,-63.23668,"SCZ708"
"Palmasola Nuevo","PSN",-17.87219,-63.17667,"SCZ950"
"Palmicruz","PMI",-17.80761,-63.12572,"SCZ193"
"Palmira","PMR",-17.88089,-63.19164,"SCZ952"
"Palos Blancos","PAB",-15.58184,-67.24738,""
"Palos Blancos Tarija","PBL",-21.39481,-63.78128,""
"Pampa Aullagas","AUL",-19.19694,-67.06385,""
"Pampa de la Isla","PIS",-17.7692,-63.11636,"SCZ314"
"Pampa Ingenio","PIG",-19.59032,-65.73864,"PTS139"
"Pampa Tejerina","PTJ",-17.75521,-63.10849,"SCZ417"
"Pampahasi","PAM",-16.50278,-68.10391,"LPZ103"
"Pampahasi 2","PAM2",-16.50567,-68.10108,"LPZ312"
"Panamericana","PNM",-17.7789,-63.10344,"SCZ317"
"Pantanal","PAN",-19.01423,-57.75098,""
"Pantini","PTN",-16.49293,-68.04088,""
"Papa Paulo","PAP",-17.38367,-66.14553,"CBB104"
"Papel Pampa","PPAM",-17.81935,-67.76966,""
"Paractito","PRCT",-16.99671,-65.50183,""
"Paragua","PAR",-17.76594,-63.1574,"SCZ064"
"Paraiso","PRS",-17.77276,-63.17338,"SCZ022"
"Parapeti","PRT",-20.00697,-63.18834,""
"Parque Arandia","PQA",-16.47695,-68.12314,"LPZ334"
"Parque Bolivar","PQB",-19.03853,-65.26318,"SRE 135"
"Parque Cretacico","PQC",-19.01386,-65.24971,"SRE048"
"Parque de la Mujer","PQM",-17.38946,-66.15144,""
"Parque de las Memorias","PME",-17.37724,-66.10801,"CBB206"
"Parque del Poeta","PPO",-17.39022,-66.16667,"CBB298"
"Parque Demetrio Canelas","PDC",-17.38,-66.17263,"CBB307"
"Parque El Pulpo","PPU",-17.44175,-66.15473,"CBB044"
"Parque Industrial","PQI",-17.75181,-63.12759,"SCZ404"
"Parque Industrial 2","PQI2",-17.76228,-63.14268,""
"Parque Industrial 3","PI3",-17.75507,-63.13829,""
"Parque Industrial Latinoamericano","PILA",-17.56086,-63.12213,""
"Parque Mariscal Santa Cruz","PMC",-17.3974,-66.17281,"CBB606"
"Parque Mirador Agar De Fereira","MAF",-16.52406,-68.10116,""
"Parque Noruego","NRG",-17.39144,-66.13758,""
"Parque Pili Huachana","PPH",-17.40863,-66.18103,"CBB611"
"Parque Quezada","PQZ",-16.52033,-68.1129,"LPZ026"
"Parque Roosevelt","PQR",-17.36079,-66.17109,"CBB321"
"Parque Tacna","PTC",-17.96448,-67.09928,"ORU358"
"Parque Teleferico","PTF",-17.3875,-66.14203,"CBB105"
"Parque Triangular","PQT",-16.50492,-68.12153,"LPZ307"
"Pasankeri","PSK_",-16.52064,-68.14528,"LPZ576"
"Pasankeri 2","PSK2_",-16.52593,-68.1411,"LPZ580"
"Pasorapa","PARP",-18.31875,-64.68017,""
"Pasoskanky","PKK",-16.49866,-68.11889,"LPZ046"
"Patacamaya","PAT",-17.23597,-67.91119,""
"Patacamaya 2","PAT2",-17.24198,-67.91223,""
"Patria","SCR2",-19.03311,-65.25869,""
"Patuju","PJU",-11.02472,-68.77106,""
"Paurito","PAU",-17.8811,-62.9399,""
"Paz침a","PZA",-18.607,-66.92573,""
"Pedro Domingo","PDM",-16.502,-68.20631,"EAL111"
"Pedro Lorenzo","PLOR",-17.9527,-63.2509,""
"Pedro Ribera","PDR",-17.7613,-63.17001,"SCZ003"
"Pelechuco","PECH",-14.82054,-69.0717,""
"Pelillojo","PEL",-20.72458,-65.10686,""
"Pelota de Trapo","PDT",-17.36669,-66.18531,"CBB500"
"Penocos","PEN",-17.8052,-63.1506,"SCZ178"
"Pentaguazu","PGZ",-17.59043,-63.13233,""
"Pentaguazu 2","PGZ2",-17.60173,-63.11885,""
"PentaguazuOeste","PGO",-17.60295,-63.17411,""
"Perez","PER",-16.49359,-68.1375,""
"Periferica 2","PFC2",-16.45754,-68.12228,""
"Peta Grande","PTG",-16.18046,-64.0411,""
"Petrolero","PTR",-17.76582,-63.17573,"SCZ001"
"Petrolero Sur","PTS",-17.79631,-63.15796,"SCZ088"
"Picacho","PIC",-21.60442,-64.65914,""
"Pilon","PIL",-15.52915,-67.97669,""
"Pinami","PIN",-17.38758,-66.24943,""
"Pinami sud","PMS",-17.39415,-66.26244,""
"Piquirini","PIQ",-17.46578,-66.1362,""
"Pirai","PIR",-16.50111,-68.11916,"LPZ046"
"Pisiga","PSG",-19.27071,-68.61979,""
"Plahipo","PLA",-19.63743,-65.72174,""
"Plan 12 Hamacas","P12",-17.74661,-63.17172,"SCZ007"
"Plan 3","PLN",-17.81539,-63.12544,"SCZ192"
"Plan 4","PL4",-17.8836,-63.17901,"SCZ954"
"Plan 700","P700",-17.43385,-66.13569,"CBB142"
"Plan Satelite","PST",-16.53031,-68.15423,"LPZ126"
"Planta Diesel","PTD",-19.05561,-65.27167,"SRE159"
"Planta Samapa","PLS",-16.49819,-68.10531,"LPZ104"
"Planta Senkata","SNK",-16.56601,-68.18768,"EAL350"
"Play Land","PLL",-17.6769,-63.15776,""
"Playa de Autos","PDA",-17.75266,-63.15133,"SCZ500"
"Plaza","PLZ",-17.7823,-63.181,"SCZ1015"
"Plaza 450 A침os","P450",-19.03371,-65.26341,"SRE107"
"Plaza Adela Zamudio","PAZ",-16.51793,-68.13231,"LPZ099"
"Plaza Alto de la Alianza","ALZ",-19.03905,-65.25376,"SRE030"
"Plaza Brasil","PBR",-16.49597,-68.20535,"EAL106"
"Plaza El Minero","EMN",-16.53902,-68.17661,"LPZ074"
"Plaza Ergueta","PEG",-16.49503,-68.10011,"LPZ107"
"Plaza Eustaquio Mendez","PEM",-22.04863,-63.68228,"YCB011"
"Plaza Franz Tamayo","PFZ",-17.37581,-66.16463,"CBB311"
"Plaza Ganado","PGA",-17.4296,-66.15748,"CBB040"
"Plaza Garita Lima","PGL",-16.49511,-68.14664,"LPZ512"
"Plaza German Busch","PGB",-16.48508,-68.17006,"EAL18"
"Plaza Ingavi","PGV",-17.9746,-67.11525,"ORU092"
"Plaza La Paz","PLP",-16.49314,-68.18119,"EAL003"
"Plaza La Riva","PLR",-19.5939,-65.7535,"PTS107"
"Plaza Las Banderas","PBA",-17.38283,-66.16,""
"Plaza Libertadores","PLB",-22.00719,-63.68162,"YCB002"
"Plaza Mapajo","PMJ",-11.01308,-68.75228,""
"Plaza Nuflo De Chavez","PNC",-17.78145,-63.1746,"SCZ1016"
"Plaza Pacajes","PPC",-16.49604,-68.16777,"LPZ057"
"Plaza San Pedro","PSP",-16.50332,-68.12986,""
"Plaza Trinidad","PZT",-14.83314,-64.90349,""
"Plaza Villarroel","PVL",-16.48327,-68.1213,"LPZ346"
"Plazuela Callejas","PCA",-17.78617,-63.17319,"SCZ1008"
"Plazuela Fatima","PFT",-17.79555,-63.19021,""
"Plazuela Litoral","PLT",-19.02854,-65.25318,"SRE038"
"Pocitos","POC",-22.03311,-63.67737,""
"Pocona","PCO",-17.68589,-65.37321,""
"Poconas","PCN",-19.04739,-65.24964,"SRE147"
"Pojo","POJ",-17.7425,-64.85958,""
"Policial","PLC",-16.52478,-68.15375,"LPZ060"
"Polideportivo Potosi","PDP",-19.59162,-65.74173,"PTS137"
"Politecnico Militar","POM",-17.45434,-66.13918,"CBB056"
"Pompeya","PMY",-14.83925,-64.90394,""
"Poopo","POO",-18.3826,-66.9703,""
"Poquempata","PQP",-16.50455,-68.11119,"LPZ308"
"Porco","PRO",-19.78165,-65.97469,""
"Poroma","PRM",-18.55113,-65.43169,""
"Porongo","PRG",-17.852,-63.31042,""
"Portachuelo","POR",-17.35211,-63.39534,""
"Portachuelo 2","POR2",-17.36311,-63.40475,""
"Postrer Valle","PTV",-18.49318,-63.86555,""
"Potosi Urbano","POT3",-19.58111,-65.77338,""
"Pozo del Tigre","PTI",-17.60316,-61.9865,""
"Prado","PRD",-17.38628,-66.15761,""
"Presto","PRE",-18.93427,-64.93468,""
"Primavera","PRI",-17.82594,-63.17222,"SCZ900"
"PTJ TARIJA","PJT",-21.52677,-64.72864,"TRJ010"
"Pucara","PUA",-17.4729,-66.16833,""
"PUCARA 2","PUA2",-17.49592,-66.16841,""
"Pucara SCZ","PUSC",-18.7328,-64.2013,""
"Pucarani","PCR",-16.3991,-68.4791,""
"Pucarani Senkata","PCS",-16.57753,-68.20006,""
"Pueblo Nuevo","PNV",-17.85156,-63.06222,"SCZ288"
"Puente Caimanes","PCAI",-17.07229,-63.07655,""
"Puente espa침ol","PES",-18.00479,-67.10354,""
"Puente San Martin","PSM",-21.53363,-64.71058,"TRJ201"
"Puente San Pablo","PPA",-15.25203,-63.8723,""
"Puente Wara Wara","PWA",-17.36941,-66.11649,"CBB335"
"Puerto Acosta","PAO",-15.53494,-69.25092,""
"Puerto Almacen","ALM",-14.86883,-64.95988,""
"Puerto Alto","PUT",-11.01788,-68.75583,""
"Puerto Aurora","PTA",-16.8477,-65.18427,""
"Puerto Carabuco","PCB",-15.7605,-69.0692,""
"Puerto Gonzalo Moreno","PGM",-11.06947,-66.18437,""
"Puerto Parajti","PPJ",-15.65956,-69.21275,""
"Puerto Perez","PPE",-16.28989,-68.59943,""
"Puerto Quijarro 2","PQ2",-19.01764,-57.71314,""
"Puerto Rico","PUR",-17.3453,-62.5553,""
"Puerto Rico Pando","PRP",-11.10749,-67.55094,""
"Puerto San Francisco","PSF",-16.74982,-65.30949,""
"Puerto Seco","PUSE",-17.87556,-67.13277,""
"Puerto Siles","PUS",-12.79933,-65.00226,""
"Puerto Suarez","PTZ",-18.96695,-57.80533,""
"Puerto Suarez 2","PS2",-18.97503,-57.79286,""
"Puerto Villarroel","PVR",-16.84156,-64.79967,""
"Puerto Yata","PYT",-10.99222,-65.58024,""
"Pulacayo","PCY",-20.38357,-66.71473,""
"Pulquina","PUL",-18.10184,-64.43328,""
"Pulquipunta","PUQ",-19.76189,-65.14239,""
"PUNA","PNA",-19.79804,-65.5065,""
"Punata","PUN",-17.53718,-65.85297,""
"Punata 2","PN2",-17.55199,-65.83489,""
"Queru Queru","QRU",-17.35608,-66.1425,""
"QUIABAYA","QBY",-15.63537,-68.70265,""
"Quijarro","QJO",-19.00465,-57.72104,""
"Quillacollo","QUI1",-17.39345,-66.27725,"QLL013"
"Quillacollo Centro","QUI2",-17.39917,-66.28521,""
"Quillacollo Norte","QLN",-17.38469,-66.28734,"QLL020"
"Quillacollo-Vinto","QUIV",-17.37224,-66.30276,""
"Quime","QME",-16.9791,-67.2135,""
"Quimome","QMM",-17.7081,-61.16316,""
"Quior","QUI",-17.84519,-63.10708,"SCZ251"
"Quirpinchaca","QRP",-19.03712,-65.27051,"SRE101"
"Quirusillas","QRS",-18.3195,-63.94867,""
"Radial 10","R10",-17.81286,-63.13156,"SCZ185"
"Radial 12","R12",-17.79129,-63.21058,"SCZ039"
"Radial 13","R13",-17.83028,-63.17906,"SCZ175"
"Radial 17 1/2","R17",-17.81335,-63.21625,"SCZ134"
"Radial 21","R21",-17.77849,-63.21577,"SCZ034"
"Radial 27","R27",-17.75201,-63.18101,"SCZ012"
"RadioDOT Ambassador","DAMB",-17.76821,-63.19427,"SCZ019"
"Ramada","RAM",-17.79251,-63.18866,""
"Ramada 2","RA2",-17.79462,-63.18917,""
"Ramafa","RAF",-17.80685,-63.18067,"SCZ150"
"Rancho Nuevo","RNV",-17.74369,-63.12217,"SCZ413"
"Raquelita","RAQ",-17.392,-66.1544,""
"Ravelo","RVL",-18.80796,-65.51406,""
"Recoleta","REC",-17.37778,-66.15531,"CBB314"
"Red Uno","RDU",-16.51595,-68.12566,"LPZ570"
"Reducto","RED",-17.3904,-66.24298,"CBB571"
"Refineria","REF",-17.86603,-63.18814,"SCZ943"
"REFORMA","RFO",-17.2607,-63.0308,""
"Remanso","RMN",-17.70772,-63.17032,"SCZ130"
"Represa Incachaca","REI",-16.41863,-68.0477,""
"Reyes","RYS",-14.29591,-67.33156,""
"Riberalta","RIB",-11.00906,-66.06221,""
"Riberalta 11","R11",-11.05367,-66.03277,""
"Riberalta 3","RI3",-11.01084,-66.04575,""
"Riberalta 4","RIB4",-11.00714,-66.06867,""
"Riberalta 5","RIB5",-11.00031,-66.05105,""
"Riberalta 6","RIB6",-11.03076,-66.04134,""
"Riberalta 7","RIB7",-10.99914,-66.06453,""
"Riberalta 8","RIB8",-11.02043,-66.05225,""
"Riberalta 9","RIB9",-11.01598,-66.078,""
"Riberalta II","RIB2",-10.9989,-66.0741,""
"Riberalta10","RI10",-10.99921,-66.03557,""
"Rio Seco","RSE_",-16.49172,-68.22705,"EAL131"
"Rio Seco Florida","RSF",-18.66822,-63.24419,""
"Robore","ROB",-18.3371,-59.7584,""
"Robore 2","ROB2",-18.34693,-59.74116,""
"Roca Coronado","ROC",-17.78673,-63.21704,"SCZ131"
"Rosal Centro","RCT",-17.93575,-62.67491,""
"Rosas Pampa","RPA",-16.55075,-68.18364,""
"Rottary Club Camiri","RCC",-20.03651,-63.51461,""
"Rumi Rumi","RUM",-17.4571,-66.16772,""
"Rurrenabaque","RUQ",-14.43885,-67.52575,""
"Rurrenabaque II","RUQ2",-14.42726,-67.50823,""
"Saavedra","SAV",-17.2322,-63.21588,""
"SABAYA","SBY",-19.01496,-68.37106,""
"SABSA","SAB",-17.64825,-63.14115,""
"SABSA LPZ","SLP",-16.50818,-68.17662,""
"Sacaba","SAC",-17.40183,-66.04116,"SAC008"
"Sacaba 3","SAC3",-17.41612,-66.02198,""
"Sacaba 4","SAC4",-17.41317,-66.05606,""
"Sacaba II","SAC2",-17.40394,-66.02744,"SAC016"
"Sacabamba","SBB",-17.80554,-65.77506,""
"Sagrado Corazon","SCN",-16.84083,-63.40949,""
"Saguapac","SAG",-17.80447,-63.18581,"SCZ148"
"Said","SID",-16.4884,-68.1478,"LPZ501"
"Saipina","SAP",-18.0943,-64.578,""
"Salida a Copacabana","SCOP",-16.43567,-68.33251,""
"Salida A Cotapata","SCP",-16.45129,-68.09157,""
"Salida a Huanuni","SHU",-18.00029,-67.0569,""
"Salinas de Garci-Mendoza","SDGM",-19.63829,-67.67388,""
"Samaipata","SAM",-18.17622,-63.87697,""
"Samaria","SMR",-17.84752,-63.07753,"SCZ282"
"SAMO EA","SAMO",-16.64179,-68.18192,""
"San Agust칤n","SAGU",-21.15487,-67.67832,""
"San Andres","SAD",-21.62477,-64.82335,""
"San Andres Beni","ANB",-15.02287,-64.66618,""
"San Antonio de Esmoruco","SAE",-21.94807,-66.51683,""
"San Antonio de Lomer칤o","SADL",-16.76392,-61.81747,""
"San Benito","SBN",-17.5229,-65.8913,""
"San Bernardo","SBE",-21.52474,-64.7235,"TRJ009"
"San Borja","SBO",-14.85915,-66.74344,""
"San Buena Ventura","SBV",-14.43771,-67.53934,""
"San Carlos","SCA",-17.40144,-63.73267,""
"San Carlos de Sapoco","SCS",-16.62513,-60.99338,""
"San Francisco","SFR",-16.49685,-68.13604,""
"San Gabriel","SGA",-16.67281,-65.62547,""
"San Ignacio","SIG",-16.36596,-60.96907,""
"San Ignacio Centro","SIVC",-16.372,-60.9622,""
"San Ignacio de Moxos","SAI",-14.99556,-65.63747,""
"San Ignacio III","SIV",-16.3809,-60.95761,""
"San Isidro","SIS",-16.51434,-68.10811,"LPZ032"
"San Jacinto","SJC",-21.61689,-64.74619,""
"San Javier","SJA",-16.27728,-62.50775,""
"San Javier 2","SJA2",-16.2773,-62.4826,""
"San Javier Beni","SJBE",-14.60066,-64.88097,""
"San Jer칩nimo","SJE",-21.98754,-63.6888,""
"San Joaquin","SJQ",-13.04861,-64.67015,""
"San Jorge","JRG",-17.73248,-63.09767,"SCZ447"
"San Jose","SAJO",-20.02884,-63.52339,""
"San Jose Chiquitos","SJO",-17.8451,-60.7356,""
"San Jose Del Torno","SJT",-17.94743,-63.35434,""
"San Juan Bautista","SJB",-19.5917,-65.7464,"PTS121"
"San Juan Macias","SJM",-17.75778,-63.16291,"SCZ059"
"San Juan Yapacani","SJU",-17.29056,-63.845,""
"San Juanillo","JNL",-19.03304,-65.25025,""
"San Julian","SJL",-16.92108,-62.61487,""
"San Julian 2","SJL2",-16.90815,-62.61637,""
"San Julian 3","SJL3",-16.90158,-62.62408,""
"San Julian 4","SJL4",-16.90213,-62.60608,""
"San Lorenzo","SLO",-21.41641,-64.7515,""
"San Lorenzo Nuevo","SLN",-18.52458,-59.33108,""
"San Lucas","SLC",-20.10821,-65.13442,""
"San Marcos 2","SM2",-17.37496,-66.16057,"CBB324"
"San Martin","MTN",-19.59767,-65.74703,"PTS108"
"San Martin SCZ","SMAR",-15.3893,-61.49369,""
"San Mateo","SMT",-21.50011,-64.74978,"TRJ44"
"San Matias","SMA",-16.36516,-58.39844,""
"San Miguel","SMI",-16.54259,-68.07745,"LPZ012"
"San Miguel de los Juno","SMJU",-17.93192,-63.03705,""
"San Miguel de Velasco","VEL",-16.7044,-60.97192,""
"San Pablo de Lipez","SPL",-21.68604,-66.61595,""
"San Pedro","SPD",-16.83219,-63.47981,""
"San Pedro de Buena Vista","SPBV",-18.24201,-65.98725,""
"SAN PEDRO DE CURAHUARA","SPC",-17.65406,-68.04855,""
"San Pedro de Quemes","SPQ",-20.7465,-68.04877,""
"San Rafael","SRF",-16.7865,-60.67785,""
"San Ramon","SRA",-16.61728,-62.49605,""
"San Ramon Beni","SRM",-13.26084,-64.61657,""
"San Roque","SRQ",-19.57864,-65.74964,"PTS164"
"San Sebastian","SSB",-19.02887,-65.26689,"SRE109"
"Sanandita","SDT",-21.66028,-63.63944,""
"Santa Ana","SAN",-17.74608,-63.18013,"SCZ046"
"Santa Ana de Velasco","SADV",-16.586,-60.68903,""
"Santa Ana de Yacuma","SAY",-13.7494,-65.4265,""
"Santa Ana La Nueva","SNU",-21.49737,-64.52428,""
"Santa Fe de Yapacani","SFY",-17.39574,-63.82557,""
"Santa Marta","SNM",-17.90103,-63.33839,""
"Santa Rita","SRI",-17.98025,-63.37101,""
"Santa Rita Rural","SRRU",-17.94784,-62.96792,""
"Santa Rosa","SRO",-17.10805,-63.61123,""
"Santa Rosa De La Roca","SRR",-15.91246,-61.44161,""
"Santa Rosa De Lima","SRL",-16.45552,-68.16646,""
"Santa Rosa de Mapiri","MPI",-15.31422,-68.34304,""
"Santa Rosa de Yacuma","SRY",-14.07154,-66.79294,""
"Santa Rosa N","SRN",-17.0837,-65.22178,""
"Santa Rosa TRJ","SRT",-21.84056,-63.84786,""
"Santa Rosita","SRS",-17.7916,-63.1988,"SCZ037"
"Santa Vera Cruz","SVC",-17.45677,-66.12691,""
"Santiago de Callapa","SDC",-17.47959,-68.35564,""
"Santiago de Chiquitos","STG",-18.33679,-59.62806,""
"Santiago de Lacaya","SDL",-16.47065,-68.12316,"LPZ339"
"Santiago Primero","STO",-16.52239,-68.16097,"EAL300"
"Santivanez","STV",-17.54789,-66.25236,""
"Santo Domingo","SDO",-17.40079,-66.27769,""
"Santos Dumont","DUM",-17.81467,-63.18333,"SCZ169"
"Santuario de Quillacas","SDQ",-19.23407,-66.94132,""
"SAO","SAO",-17.76754,-63.13794,""
"Sapahaqui","SPHQ",-16.88854,-67.94963,""
"Sapecho","SCH",-15.5593,-67.334,""
"Saragoza","SGZ",-17.71124,-63.06095,""
"Sararenda","SRD",-20.0682,-63.56455,""
"Sarco","SCO",-17.36812,-66.17825,"CBB319"
"Sarcobamba","SRC",-17.37951,-66.18957,"CBB505"
"Satelite Cosite","STC",-16.51992,-68.14969,""
"Satelite Norte","SAT",-17.60514,-63.14042,"SAT002"
"Satelite Norte 2","SAT2",-17.60366,-63.15183,"SAT006"
"Sausalito","SST",-17.71881,-63.18688,"SCZ605"
"Sayonama","SYN",-16.38235,-61.03377,""
"SCR POT III","SRPT3",-19.37875,-65.20856,""
"SCR POT IV","SRPT4",-19.53854,-65.24538,""
"SCR POT V","SRPT5",-19.62284,-65.3726,""
"SCR POT VI","SRPT6",-19.5405,-65.54101,""
"SCR POT VII","SRPT7",-19.53917,-65.69386,""
"SCR_POT1","SRPT1",-19.10884,-65.26465,""
"SCR_POT2","PT2",-19.24247,-65.16958,""
"SCZ CBBA II","SCB2",-17.20306,-65.83127,""
"SCZ CBBA III","SCB3",-17.16455,-65.7386,""
"SCZ CBBA IV","SCB4",-17.00881,-65.57261,""
"SCZ CBBA V","SCB5",-17.01219,-65.0589,""
"SCZ CBBA VII","SCB7",-17.15349,-64.64761,""
"SCZCBBA6","SCB6",-17.11736,-64.77131,""
"SCZCBBA8","SCB8",-17.3663,-64.0693,""
"SCZCBBA9","SCB9",-17.38728,-63.52115,""
"Sede Blooming","BMG",-17.72259,-63.15098,"SCZ506"
"Sede Linea 4","LI4",-17.81624,-63.10068,"SCZ213"
"Seguencoma","SEG",-16.53192,-68.10219,"LPZ137"
"Senda 6","SD6",-17.02238,-64.95007,""
"Senda D","SDD",-16.9177,-65.14484,""
"Senkata","SEN_",-16.58113,-68.18458,"EAL372"
"Senkata El Alto","SKEA",-16.80218,-68.17139,""
"Senkata II","SEN2",-16.5896,-68.1816,"EAL381"
"Senor de los Milagros","MIL",-17.79933,-63.2017,"SCZ042"
"Seton","SET",-17.39056,-66.2075,"CBB561"
"Sevaruyo","SVY",-19.33816,-66.84085,""
"Sevilla 2","SEV",-17.81992,-63.17101,"SCZ901"
"Sevilla Las Terrazas","SLT",-17.686,-63.14433,""
"Sevillas del Bosque","SEB",-17.67072,-63.09606,""
"Shinaota","SHI",-16.99064,-65.25,""
"Shinaota Villa (San Isidro)","SHV",-17.0124,-65.3007,""
"Sica Sica","SIC",-17.33075,-67.74014,""
"Sica sica SCR","SCR3",-19.05547,-65.24383,""
"Sidumss","SDU",-17.38083,-66.09972,"CBB214"
"Siglo XX","SGL",-17.4297,-66.1313,"CBB151"
"Sillar","SIL",-17.21569,-65.70475,""
"Simon Bolivar","SMB",-17.89562,-63.28585,"GRD083"
"Simon Lopez","SIM",-17.36221,-66.1774,"CBB320"
"Simon Patino","SPA",-17.37284,-66.15384,"CBB329"
"Sindicato Andino","SDA",-17.10625,-64.55431,""
"Sindicato Esmeralda","SES",-17.22869,-64.68718,""
"Sipe Sipe","SIP",-17.45207,-66.33545,""
"Sipe Sipe II","SIP2",-17.45263,-66.35805,""
"SLAN","SLA",-17.77425,-63.16342,"SCZ066"
"Sociedad Rural del Oriente","SORO",-17.5551,-63.1924,""
"Sociedad Taunus","STA",-16.51156,-68.16025,"LPZ067"
"Soffer","SOF",-17.3858,-66.1513,""
"Sonilum","SON",-17.7718,-63.2045,"SCZ021"
"Sopachuy","SPY",-19.48295,-64.47726,""
"Sopocachi","SOP",-16.51116,-68.12582,""
"Sorata","SOR",-15.77336,-68.64514,""
"Sucre Norte","SCRN",-18.98602,-65.32945,""
"Sumumpaya","SMP",-17.39981,-66.23631,"CBB633"
"Super Okinawa","SOK",-17.77693,-63.17986,"SCZ1021"
"Sur","ORU3",-17.98251,-67.12791,"ORU129"
"Tabla Chaca","TBLC",-17.91617,-67.34267,""
"Tabladita","TAR3",-21.53683,-64.75537,"TRJ106"
"Tacachi","TAH",-17.64095,-65.80559,""
"Tacacoma","TCC",-15.58233,-68.64369,""
"Tacagua","TAC",-16.51124,-68.14746,"LPZ567"
"Tacagua 2","TAC2",-16.51516,-68.15071,"LPZ568"
"Tacobamba","TBB",-19.20701,-65.55647,""
"Tadeo","TDO",-17.3819,-66.17681,"CBB303"
"Tahuantinsuyo","THS",-16.48237,-68.21828,"EAL53"
"Tahuichi","THC",-17.82092,-63.19278,"SCZ146"
"Taipiplaya","TAI",-15.93983,-67.47931,""
"Tajibos","TAJ",-17.76661,-63.19817,"SCZ019"
"Tajma","TJM",-16.37036,-67.46476,""
"Tambo Quemado","TQD",-18.27694,-69.00521,""
"Tamborada","TMB",-17.44192,-66.16228,"CBB049"
"Tapacari","TAP",-17.6416,-66.6303,""
"Taperas","TPRS",-17.90933,-60.37112,""
"Taquina","TAQ",-17.35225,-66.18425,"CBB404"
"Tarabuco","TBU",-19.17245,-64.925,""
"TARACO","TRC",-16.45687,-68.859,""
"Tarapaca","TAR",-16.5235,-68.1687,"EAL300"
"Tarapaya","TPY",-19.49767,-65.78317,""
"Tarata","TRT",-17.60992,-66.02722,""
"Tarvita","TAV",-19.92068,-64.49102,""
"Tatarenda","TAT",-19.09744,-63.51466,""
"Teleferico Naranja","TNA",-16.48656,-68.13012,"LPZ355"
"Telef칠rico Oruro","TEO",-17.96964,-67.12216,"ORU094"
"Tembladerani","TBL",-16.50661,-68.14186,"LPZ551"
"Temporal","TEM",-17.3555,-66.15703,"CBB011"
"TEREBINTO","TEB",-17.71046,-63.40406,""
"Terminal de Buses","TBS",-11.0749,-68.7836,""
"Terminal de Buses CBBA","TBC",-17.40204,-66.15634,""
"Terminal de Buses Trinidad","TBT",-14.83619,-64.891,""
"Terminal LPZ","TLP",-16.48812,-68.14232,"LPZ204"
"Terminal Quijarro","TERQ",-19.0059,-57.72972,""
"Terminal Sucre","TSR",-19.03693,-65.24439,"SRE028"
"Tero Tero","TTR",-17.76758,-63.15278,"SCZ064"
"Terracor","TCR",-17.67113,-63.18455,""
"Tiahuanacu","TIA",-16.55186,-68.68149,""
"Ticka Loma","TKL",-19.57351,-65.74377,""
"Ticti","TIC",-17.43,-66.14202,""
"Ticti Norte","TCN",-17.34858,-66.17044,"CBB018"
"Tierras Nuevas","TNV",-17.84693,-63.21719,"SCZ823"
"TIGO - Doble Via","TDV",-17.81738,-63.21112,"SCZ139"
"Tiguipa Estaci칩n","TIG",-21.0048,-63.3271,""
"Tilata","TLT",-16.57186,-68.22136,""
"Tin Tin","TIN",-18.01878,-65.41106,""
"Tipuani","TIP",-15.56625,-68.0216,""
"Tiquina San Pablo","TIQSP",-16.21587,-68.84598,""
"Tiquipaya","TIQ",-17.33981,-66.21661,"CBB429"
"Tiraque","TIR",-17.42783,-65.72306,""
"Tito Yupanqui","TTY",-16.49588,-68.11648,"LPZ320"
"TITO YUPANQUI 2","TTY2",-16.1943,-68.9585,""
"Todos Santos","TOS",-19.01323,-68.71564,""
"Toko","TKO",-17.62679,-65.92668,""
"Tolata","TTA",-17.53185,-65.963,""
"Toledo","TOL",-18.17666,-67.4098,""
"Tomatitas","TOM",-21.4933,-64.76322,""
"Tomave","TMV",-20.06503,-66.53147,""
"Tomichucua","TCHU",-11.14625,-66.16435,""
"Tomina","TMN",-19.17352,-64.46754,""
"Torre Karito","TKA",-16.51561,-68.13503,"LPZ136"
"Totai Citrus","TTC",-17.20502,-62.24884,""
"Total Incahuasi","TIH",-19.82382,-63.65734,""
"Totora","TOT",-17.73886,-65.192,""
"Totora Oruro","TORU",-17.80445,-68.15155,""
"Tranca Achica Arriba","TAA",-16.71647,-68.18746,""
"Tranca Sacaba","TSC",-17.39475,-66.05731,"CBB266"
"Tranca Salida a Oruro","TSO",-17.74484,-67.17543,""
"Tranca San Antonio","TSAN",-19.56942,-65.7904,""
"Trebol","TRB",-19.01462,-65.26314,"SRE055"
"Trigal","TRG",-18.30727,-64.14992,""
"Trinidad I","TRI1",-14.834,-64.91243,""
"Trinidad III","TRI3",-14.82958,-64.88952,""
"Trinidad Mana Las Palmas","TMLP",-14.77784,-64.90406,""
"Trojes","TRO",-17.34482,-66.19922,"CBB421"
"Trompillo Polanco","POL",-17.80331,-63.16478,"SCZ090"
"Tucsupaya","TUC",-19.02315,-65.27183,"SRE061"
"Tumumpasa","TMP",-14.14509,-67.88541,""
"Tumusla","TUM",-17.39558,-66.1617,""
"Tuna","TUN",-17.64089,-61.71279,""
"Tunari","TNR",-17.34441,-66.16048,""
"Tunari El Alto","TEA",-16.49933,-68.19954,"EAL107"
"Tupac Yupanqui","TYQ",-21.51319,-64.72141,"TRJ28"
"Tupiza","TPZ",-21.4488,-65.7185,""
"Tupiza II","TPZ2",-21.43328,-65.72724,""
"Tupuraya","TUP",-17.374,-66.14148,"CBB029"
"Turco","TUR",-18.18072,-68.19356,""
"Tuscapujio","TCP",-17.42007,-66.04301,""
"Tusequis","TUS",-17.7467,-63.15235,"SCZ103"
"Tuti Mayu","TMY",-17.40141,-65.94543,""
"Tutumaso","TUT",-17.86478,-63.21459,"GRD275"
"Tx Amachuma","TXA",-16.63466,-68.14182,""
"Tx Buen Jesus","TBJ",-14.99781,-64.35961,""
"Tx Cerro Quiquibey","CQQ",-15.39996,-67.20449,""
"TX Chacambaya (ex Quiabaya)","TXCH",-15.61225,-68.70419,""
"Tx Chaco Pacahuara","PCH",-11.93303,-66.19989,""
"Tx Chihuahua","TCH",-17.25997,-62.36838,""
"Tx Comunidad El Toro","CET",-13.21169,-66.70489,""
"Tx Comunidad La Conquista","LCQ",-11.18273,-67.10463,""
"Tx Comunidad Naranjal","CNA",-11.34334,-66.59138,""
"Tx Comunidad Pena Amarilla","AMA",-11.33107,-66.402,""
"Tx Cruce Elvira","EVR",-14.56155,-64.3828,""
"TX Estancia Casa Blanca","EBL",-13.62583,-66.61489,""
"Tx Estancia Las Palmeras","ELP",-11.13773,-68.3606,""
"Tx Estancia Nostalgia","NOS",-11.11481,-66.09153,""
"Tx Estancia San Antonio","ESA",-12.41764,-66.17342,""
"Tx Estancia San Francisco","ESF",-11.10978,-67.93326,""
"Tx La Asunta 1","TAS",-16.30415,-67.43564,""
"Tx La Asunta 2","TAS2",-16.32276,-67.30701,""
"TX La Cumbre","TLC",-16.33291,-68.01684,""
"Tx Mairana","TXMA",-18.14866,-63.90246,""
"Tx Piedras Blancas","PDB",-14.73717,-67.22682,""
"Tx Porvenir","TPR",-11.16675,-68.78242,""
"Tx Puerto Yata","PTY",-11.01358,-65.90372,""
"Tx Renacer","RNC",-15.12225,-64.12235,""
"TX San Antonio","TSA",-16.41311,-60.98258,""
"TX Santa Ana","TAN",-16.59889,-60.7381,""
"Tx V. nueva rosario","TVN",-15.77655,-67.59698,""
"TX Villazon","TXV",-22.07858,-65.60417,""
"TX_EL_DORADO","TED",-16.27206,-67.61731,""
"U Catolica CBBA","UCBC",-17.37168,-66.14628,"CBB329"
"U. Adventista","UAD",-17.38936,-66.3097,"VNT001"
"U. San Francisco Javier","SFC",-19.04866,-65.25318,"SRE151"
"UAGRM","GAB",-17.7809,-63.19281,"SCZ027"
"UCATEC","UCA",-17.37094,-66.13556,"CBB002"
"Ucebol","UCE",-17.72573,-63.17434,"SCZ054"
"UDABOL","UDB",-17.77004,-63.2002,"SCZ018"
"UMALA","UML",-17.37361,-68.02111,""
"UMSS","UMS",-17.39093,-66.14445,""
"UNCIA","UNC",-18.47061,-66.57697,""
"Unifranz","UNF",-17.77608,-63.18957,"SCZ025"
"Univalle CBBA nuevo","UNI",-17.33224,-66.22659,""
"Universidad  Tomas Frias","UTF",-19.58683,-65.75653,"PTS104"
"Universidad Autonoma Juan Misael Saracho","UJM",-21.54479,-64.72093,""
"UPB CBBA","UPB",-17.39675,-66.2165,"CBB625"
"UPB LPZ","UPBL",-16.58417,-68.13649,""
"UPDS","UDS",-17.75776,-63.17176,"SCZ004"
"UPSA","UPS",-17.76301,-63.1503,"SCZ063"
"Urb Aqualand","UAQ",-17.63912,-63.15857,"SAT029"
"Urb Aroma","UAR",-16.5607,-68.197,"EAL349"
"Urb Atlantida","UAT",-16.51104,-68.14239,"LPZ559"
"Urb Boa","UBO",-16.49997,-68.18564,"EAL100"
"Urb Candelaria","CDL",-16.53018,-68.21075,"EAL214"
"Urb Colinas del Izozog","CIZ",-17.89129,-63.22135,""
"Urb Cosmos 78","UC7",-16.53123,-68.19867,"EAL210"
"Urb Ecologica","UEL",-16.59947,-68.17661,""
"Urb Ende","UBE",-17.38669,-66.19682,"CBB557"
"Urb Illimani","UIL",-16.52611,-68.11697,"LPZ585"
"Urb Josue","UJO",-17.71909,-63.09003,""
"Urb Los Rosales","ROS",-16.51098,-68.05116,"LPZ035"
"Urb Magisterio","UMG",-17.38333,-66.08086,"CBB257"
"Urb Mapaizo","MPZ",-17.74695,-63.06009,""
"Urb Mercedes","UME",-16.57008,-68.20425,"EAL360"
"Urb Nueva Trinidad","UNT",-14.82477,-64.87151,""
"Urb Nuevos Horizontes","UNH",-16.5422,-68.1812,"LPZ080"
"Urb Paraiso II","UP2",-17.8421,-63.09363,"SCZ252"
"Urb Pena Azul","UPA",-16.5074,-68.0803,""
"Urb Romar","URO",-17.73503,-63.11736,"SCZ425"
"Urb San Alberto","USA",-16.53099,-68.09221,"LPZ033"
"Urb San Felipe","USF",-16.51829,-68.23653,""
"Urb Santa Rosa","USR",-16.54379,-68.1634,"EAL312"
"Urb Tarope 2","UTP2",-17.7744,-63.00291,""
"Urb. El Dorado","UED",-17.73741,-63.10924,"SCZ424"
"Urb. Juan Tardio","UJT",-17.38639,-66.26745,""
"Urb. Los Jardines","ULJ",-17.90354,-63.06205,""
"Urb. Manantial","UMA",-17.73439,-63.04037,""
"Urb. Pumas Andinos","PMA",-17.98788,-67.07063,""
"Urb. Tarope","UTP",-17.76238,-63.0225,""
"Urb.Alemania","UAL",-16.51764,-68.20516,"EAL205"
"Urbanizacion Arco Iris II","UAI",-17.87692,-63.23986,"GRD269"
"Urbanizacion Balcon 4","UB4",-17.89946,-63.27673,"GRD082"
"Urbanizacion Bolivia","UBV",-19.08062,-65.24072,""
"Urbanizacion Calama","UCLM",-16.5245,-68.19938,"EAL207"
"Urbanizacion Calicanto","UCC",-17.46294,-66.10764,""
"Urbanizacion Ca침oto","UBC",-17.80617,-63.21746,"SCZ132"
"Urbanizacion Cotoca","UCT",-17.75732,-63.09377,"SCZ435"
"Urbanizaci칩n El Piyo","UPY",-17.90732,-63.21606,""
"Urbanizacion Gran Chaco","UGC",-21.99942,-63.67783,"YCB017"
"Urbanizacion Gran Paititi","UGP",-17.53909,-63.1684,""
"Urbanizacion Hansa","UHA",-16.53567,-68.15272,"EAL303"
"Urbanizacion Ingenio","UIN",-16.48386,-68.20292,"EAL057"
"Urbanizaci칩n Inteligente","ITG",-17.83857,-63.25654,"GRD190"
"Urbanizacion Italia","UIT",-17.74164,-63.08828,""
"Urbanizacion Juana Azurduy","UJA",-16.50776,-68.23234,"EAL179"
"Urbanizacion La Aurora","ULA",-17.91092,-67.12675,"ORU013"
"Urbanizacion La Floresta","ULF",-17.35013,-66.15952,""
"Urbanizaci칩n La Madre","ULM",-17.35202,-63.23993,"MON122"
"Urbanizaci칩n Los Chapacos","ULC",-21.50667,-64.74056,"TRJ37"
"Urbanizacion Los Lirios","ULL",-17.98967,-67.12283,"ORU123"
"Urbanizacion Nueva Esperanza","UNE",-17.85148,-63.27285,"GRD186"
"Urbanizacion Petrolera","UPT",-17.85696,-63.23438,"GRD262"
"Urbanizaci칩n Santa Maria","USM",-14.83878,-64.92615,""
"Urbanizacion Sierra Mier","UMI",-17.93522,-67.11226,"ORU424"
"Urbanizaciones Norte","URBA",-17.69405,-63.18292,""
"Urbari","URB",-17.79668,-63.19672,"SCZ042"
"Urubicha","URC",-15.63038,-63.08267,""
"Urubo","URU",-17.75483,-63.22391,""
"Urubo 2","URU2",-17.74735,-63.23444,""
"Urubo Tanque de Agua","UTA",-17.75034,-63.21653,""
"Ushpa Ushpa","USH",-17.47758,-66.10408,""
"Ushpa Ushpa 2","USH2",-17.49391,-66.08892,""
"Uyuni","UYN",-20.45074,-66.80445,""
"Uyuni Centro","UYC",-20.46325,-66.82481,""
"Vacas","VAC",-17.57706,-65.59133,""
"Valencia","VLC",-16.67188,-68.03404,""
"Valentin Abecia","VTA",-16.5149,-68.13803,"LPZ096"
"Valle Alto","VAL",-17.45791,-65.85947,""
"Valle de La Concepci칩n","VDC",-21.69508,-64.66008,""
"Valle Hermoso","VHE",-17.44847,-66.12181,""
"Valle Sanchez","VSZ",-17.65416,-63.18047,""
"Vallegrande","VGA",-18.49219,-64.1103,""
"Vallegrande 2","VG2",-18.49219,-64.1103,""
"Ventillas","VNT",-19.07381,-66.20731,""
"Ventura Mall","VMA",-17.75464,-63.19982,""
"Vertedero Normandia","VNM",-17.86401,-63.08011,""
"Viacha","VCH",-16.65233,-68.31782,""
"Viacha Centro","VCC",-16.65144,-68.30108,"VCH004"
"Victoria","VIC",-16.50558,-68.12911,""
"Vidriolux","VDX",-17.4357,-66.1496,"CBB046"
"Viedma","VIE",-17.7898,-63.172,"SCZ1008"
"Vilaque Grande","VGR",-15.36188,-68.1882,""
"Villa 12 De Octubre","V12",-16.51661,-68.16725,""
"Villa 14","V14",-16.84989,-65.34462,""
"Villa 1ro de Mayo","VIL",-17.79567,-63.12648,"SCZ121"
"Villa Abecia","ABC",-20.99393,-65.23923,""
"Villa Adela","VAD",-16.53807,-68.18902,"LPZ082"
"Villa Adela Conavi","ADC",-16.52295,-68.21159,"EAL216"
"Villa Adela Yunguyo","VAY",-16.51565,-68.21796,"EAL219"
"Villa Albina Patino","VAP",-17.359,-66.32567,""
"Villa Alcala","VIAL",-19.36455,-64.39741,""
"Villa Alegria","VIA",-18.99515,-65.27262,""
"Villa Armonia","VAR",-16.5094,-68.10871,"LPZ305"
"Villa Armonia SCR","VLA",-19.01889,-65.2624,"SRE054"
"Villa Azurduy","VAZ",-20.11089,-64.41222,""
"Villa Busch","VBS",-11.05011,-68.776,""
"Villa Cooperativa","VCV",-16.46442,-68.25164,""
"Villa Coronilla","VLL",-17.4036,-66.16286,""
"Villa Cosmos 79","VCS",-16.53444,-68.23059,"EAL257"
"Villa Dolores","VDO",-16.51756,-68.15871,"LPZ071"
"Villa Dolores F","VDF",-16.52552,-68.18566,"LPZ088"
"Villa El Carmen","VCA",-16.46186,-68.10769,"LPZ386"
"Villa Esperanza","VES",-17.85503,-63.17375,"SCZ921"
"Villa Esperanza LPZ","VEZ",-16.4919,-68.1989,"EAL025"
"Villa Galindo","VGL",-17.38376,-66.16843,"CBB305"
"Villa Gladys","GLA",-17.8209,-63.11761,"SCZ199"
"Villa Hermosa","VHR",-17.73597,-63.1811,"SCZ048"
"Villa Ingenio","ING",-16.47795,-68.20356,"EAL064"
"Villa Las Delicias","DEL",-16.47278,-68.12228,"LPZ362"
"Villa Litoral","VLI",-16.50503,-68.10682,"LPZ304"
"Villa Los Andes","VAN",-17.97542,-67.10053,"ORU186"
"Villa Lourdes","VLR",-17.8333,-63.16078,"SCZ913"
"Villa Luz","VLU",-17.73149,-63.16637,"SCZ053"
"Villa Mercedes","VME",-16.58255,-68.23449,""
"Villa nueva","VNV",-20.05836,-65.33961,""
"Villa Nuevo Potosi","VNP",-16.48776,-68.12261,"LPZ323"
"Villa Olimpica","VOL",-17.82544,-63.18439,"SCZ174"
"Villa Olimpica 2","VO2",-17.83363,-63.1861,"SCZ803"
"Villa Pabon","VPB",-16.49436,-68.12764,"LPZ324"
"Villa Pagador","VPG",-17.44248,-66.11517,"CBB168"
"Villa Paraiso","VIP",-17.02079,-62.59531,""
"Villa Pillin","VPI",-17.75703,-63.1559,"SCZ062"
"Villa Porvenir","VPV",-17.4326,-66.11263,""
"Villa Remedios","VRE",-16.56076,-68.21265,"EAL357"
"Villa Ribero","VRB",-17.61109,-65.79357,""
"Villa Salome","VSL",-16.4886,-68.0986,"LPZ372"
"Villa San Antonio","VSA",-16.49939,-68.11322,"LPZ109"
"Villa San Antonio Alto","SAA",-16.49847,-68.1088,"LPZ310"
"Villa Santiago","VST",-16.53118,-68.17558,""
"Villa Santiago II","VS2",-16.53647,-68.18122,"LPZ078"
"Villa Serrano","VSR",-19.12005,-64.3293,""
"Villa Tahuichi","VLT",-14.80943,-64.87082,""
"Villa Tejada Rectangular","VTR",-16.52669,-68.15926,"LPZ128"
"Villa Tunari","VIT",-16.95867,-65.41508,""
"Villa Tunari 2","VT2",-16.97664,-65.42464,""
"Villa Victoria","VVC",-16.50469,-68.1531,"LPZ538"
"Villa Yunguyo","VYY",-16.50101,-68.23518,"EAL178"
"Villamil De Rada","VRA",-16.50336,-68.14397,"LPZ529"
"Villamontes","VLM",-21.24517,-63.46597,""
"Villazon","VLZ",-22.0878,-65.5953,""
"Villazon 3","VLZ3",-22.0878,-65.5953,""
"Vino Tinto","VTN",-16.48142,-68.14228,"LPZ209"
"Vinto","VIN",-17.4001,-66.3153,""
"Vinto 2","VIN2",-17.39301,-66.32201,"VNT004"
"Vinto Chico","VCI",-17.41283,-66.33622,""
"Virgen de Cotoca","VCO",-17.7818,-63.1565,"SCZ072"
"Virgen de la Hiedra","VHD",-19.03117,-65.28092,""
"Virgen de La Merced","VMC",-16.53636,-68.03995,"LPZ454"
"Virgen de Lujan","VLJ",-17.76155,-63.12666,"SCZ403"
"Virrey Toledo","TLD",-16.49094,-68.15069,"LPZ508"
"Viru Viru","VIR",-17.6607,-63.15853,""
"Viticha","VTC",-20.19212,-65.47518,""
"Vueltadero","VTD",-17.16566,-64.96834,""
"WALDO BALLIVIAN","WAB",-17.08532,-68.18563,""
"Warnes","WAR",-17.52013,-63.17028,""
"Warnes 2","WAR2",-17.51125,-63.1689,"WAR005"
"Warnes 3","WAR3",-17.50541,-63.18836,""
"Warnes 4","WAR4",-17.50741,-63.15132,""
"Warnes Riberalta","WRIB",-10.92879,-65.9682,""
"Wiltacato","WTC",-17.37944,-66.23853,""
"Yabog","YBG",-17.8291,-63.24062,"SCZ714"
"Yacimientos","YCM",-16.50161,-68.16332,"LPZ054"
"Yacuiba","YAC",-22.0096,-63.68563,""
"Yacuiba II","YAC2",-22.0059,-63.6759,"YCB002"
"Yaguaru","YGR",-15.60192,-63.22679,""
"Yamparaez","YPZ",-19.18419,-65.12078,""
"Yanacachi","YNC",-16.39139,-67.78039,""
"Yanacocha","YCH",-16.49055,-68.13273,"LPZ253"
"Yapacani","YAP",-17.40125,-63.87912,""
"Yapacani 2","YAP2",-17.40232,-63.88796,""
"Yapacani 3","YAP3",-17.39642,-63.92781,""
"Yapacani 5","YAP5",-17.4057,-63.855,""
"Yapacani4","YAP4",-17.4133,-63.8761,""
"Yocalla","YCL",-19.38421,-65.92233,""
"Yotala","YOT",-19.16219,-65.25961,""
"Yotau","YOU",-16.17757,-63.02314,""
"YPFB CBBA","YPF",-17.45744,-66.11497,""
"Yucumo","YUC",-15.15542,-67.03253,""
"Yunchara","YCR",-21.80673,-65.17067,""
"Yungas","YUN",-16.49954,-68.12897,""
"YUNGUYO DEL LITORAL","YDL",-18.85348,-68.31951,""
"Yurcuma","YUR",-21.49099,-65.68911,""
"Zamuzabeti","ZBZ",-16.81428,-65.57158,""
"Zanja Honda","ZHO",-18.27762,-63.18907,""
"Zofraco 2","ZF2",-17.45561,-66.21103,""
"Zona 12 de Abril","Z12",-16.55959,-68.25231,""
"Zona 3 de Mayo","Z3M",-16.46529,-68.11534,""
"Zona Aranjuez","ZOA",-19.0529,-65.2818,""
"Zona Aranjuez 2","ZOA2",-19.06026,-65.28891,""
"Zona Caiconi","ZCC",-16.49322,-68.12529,"LPZ101"
"Zona Challapampa","ZCH",-16.47877,-68.14854,"LPZ213"
"Zona Franca","FRA",-17.57561,-63.15879,""
"Zona Franca La Paz","ZFL",-16.5434,-68.23505,"EAL261"
"Zona Nor Este","ZNE",-17.96772,-67.09286,"ORU355"
"Zona Pokeni","ZPK",-16.47771,-68.1263,"LPZ360"
"Zona Puntiti","ZPT",-17.37442,-66.09982,"CBB219"
"Zona Senac Sucre","ZSS",-19.06034,-65.2689,"SRE167"
"Zona Villa Victoria","ZVV",-16.48846,-68.15482,"LPZ202"
"Zona Vita","ZVT",-16.49329,-68.14588,""
"Zona_Pucarani_EA","ZPCR",-16.48905,-68.17479,"EAL011"
"Zoo_Oruro","ZOOR",-17.97704,-67.12045,""
"Zoologico","ZOO",-17.76281,-63.19075,"SCZ009"
"Zudanez","ZDN",-19.11627,-64.70287,""
